"filename","title","year","director","language","country","user_tag","tier","decade","subdirectory","destination","confidence","reason"
"A Super Fêmea (1973).mkv","A Super Fêmea","1973","","","","","Satellite","1970s","Brazilian Exploitation","1970s/Satellite/Brazilian Exploitation/","1.0","explicit_lookup"
"Carmen Jones (1954).mkv","Carmen Jones","1954","Otto Preminger","","US","","Unsorted","1950s","","Unsorted/","0.0","unsorted_no_match"
"Farewell My Concubine (1993).mkv","Farewell My Concubine","1993","Kaige Chen","","CN","","Satellite","1990s","Indie Cinema","Satellite/Indie Cinema/1990s/","0.7","tmdb_satellite"
"From Beyond (1986) {edition-Uncut}.mkv","From Beyond {edition-Uncut}","1986","","","","","Unsorted","1980s","","Unsorted/","0.0","unsorted_no_director"
"Kamikaze Girls (2004).mkv","Kamikaze Girls","2004","Tetsuya Nakashima","","JP","","Unsorted","2000s","","Unsorted/","0.0","unsorted_no_match"
"O Padre e a Moça (1966).mp4","O Padre e a Moça","1966","Joaquim Pedro de Andrade","","BR","","Satellite","1960s","Brazilian Exploitation","Satellite/Brazilian Exploitation/1960s/","0.7","country_satellite"
"Os Imorais (1979).mp4","Os Imorais","1979","Geraldo Vietri","","BR","","Satellite","1970s","Brazilian Exploitation","1970s/Satellite/Brazilian Exploitation/","1.0","explicit_lookup"
"Red Shoe Diaries (1992) {edition-R-Rated Cut} - 480p.mkv","Red Shoe Diaries{edition-R-Rated Cut}","1992","","","","","Unsorted","1990s","","Unsorted/","0.0","unsorted_no_director"
"Wake in Fright (1971).mkv","Wake in Fright","1971","Ted Kotcheff","","AU","","Satellite","1970s","Indie Cinema","Satellite/Indie Cinema/1970s/","0.7","tmdb_satellite"
"Lili St. Cyr in Color - Love Moods (1950) & A Bedroom Fantasy (1953) (SP Hi-Fi Stereo VHS to SWV DVD-R Rip Upscaled in HD).mp4","Lili St Cyr in Color - Love Moods & A Bedroom Fantasy (SP Hi-Fi Stereo VHS to SWV DVD-R Rip Upscaled in","1950","","","","","Unsorted","1950s","","Unsorted/","0.0","unsorted_no_director"
"Andrew Dice Clay For Ladies (1992).m4v","Andrew Dice Clay For Ladies","1992","Gary Halvorson","","US","","Unsorted","1990s","","Unsorted/","0.0","unsorted_no_match"
"A Fêmea do Mar (1980).mp4","A Fêmea do Mar","1980","","","","","Unsorted","1980s","","Unsorted/","0.0","unsorted_no_director"
"A Força dos Sentidos (1978).mp4","A Força dos Sentidos","1978","","","","","Satellite","1970s","Brazilian Exploitation","1970s/Satellite/Brazilian Exploitation/","1.0","explicit_lookup"
"Angela Davis Portrait of a Revolutionary (1972).mp4","Angela Davis Portrait of a Revolutionary","1972","Yolande du Luart","","US","","Satellite","1970s","Music Films","Satellite/Music Films/1970s/","0.7","tmdb_satellite"
"Braindead (1992) {edition-Uncut} - LaserDisc.mp4","Braindead{edition-Uncut}","1992","","","","","Unsorted","1990s","","Unsorted/","0.0","unsorted_no_director"
"Giselle (1980).avi","Giselle","1980","Victor di Mello","","BR","","Satellite","1980s","Brazilian Exploitation","1980s/Satellite/Brazilian Exploitation/","1.0","explicit_lookup"
"Make Way for Tomorrow (1937).mkv","Make Way for Tomorrow","1937","Leo McCarey","","US","","Unsorted","1930s","","Unsorted/","0.0","unsorted_no_match"
"Take a Giant Step (1959).mkv","Take a Giant Step","1959","Philip Leacock","","US","","Unsorted","1950s","","Unsorted/","0.0","unsorted_no_match"
"The Black Power Mixtape 1967-1975 (2011).mkv","The Black Power Mixtape 1967-1975","2011","Göran Hugo Olsson","","SE","","Satellite","2010s","Music Films","Satellite/Music Films/2010s/","0.7","tmdb_satellite"
"The Driver (1978) Uncut.mkv","The Driver Uncut","1978","","","","","Unsorted","1970s","","Unsorted/","0.0","unsorted_no_director"
"Vai Trabalhar Vagabundo II (1991).mp4","Vai Trabalhar Vagabundo II","1991","Hugo Carvana","","BR","","Satellite","1990s","Brazilian Exploitation","Satellite/Brazilian Exploitation/1990s/","0.7","country_satellite"
"Tokyo Godfathers_-_(Dual Audio_10bit_BD1080p_x265).mkv","Tokyo Godfathers - (Dual Audio 10bit BD","","","","","","Unsorted","","","Unsorted/","0.0","unsorted_no_year"
"The.Cabbie.2000.iTunes.1080p.AVC1.AAC.mp4","The Cabbie iTunes","2000","Hwa-Kun Chang","","TW","","Satellite","2000s","Indie Cinema","Satellite/Indie Cinema/2000s/","0.7","tmdb_satellite"
"2-Old.Boy.2003.1080p.x265.AC3.mkv","2-Old Boy","2003","","","","","Unsorted","2000s","","Unsorted/","0.0","unsorted_no_director"
"Lili Marleen (1981, Rainer Werner Fassbinder  - HDTV 1080).mkv","","1080","Lili Marleen (1981, Rainer Werner Fassbinder","","","","Unsorted","1080s","","Unsorted/","0.0","unsorted_no_match"
"Lilford Hall (1969) 1080p.mp4","Lilford Hall","1969","Peter Whitehead","","GB","","Unsorted","1960s","","Unsorted/","0.0","unsorted_no_match"
"Gendai koshoku-den..Teroru no kisetsu [Season of Terror] - Koji Wakamatsu (1969).mkv","Gendai koshoku-den Teroru no kisetsu [Season of Terror] - Koji Wakamatsu","1969","","","","","Unsorted","1960s","","Unsorted/","0.0","unsorted_no_director"
"Godfather, The - The Complete Epic 1901–1959 (2016) - HBO Chronological Cut.mkv","The Complete Epic 1901–1959 - HBO Chronological Cut","2016","Godfather, The","","US","","Reference","2010s","","2010s/Reference/","1.0","explicit_lookup"
"Juegos de verano (1973).avi","Juegos de verano","1973","Juan Antonio Serna","","AR","","Unsorted","1970s","","Unsorted/","0.0","unsorted_no_match"
"Rumble in the Bronx - Hong Kong Cut (1995) {edition-Hong Kong Cut}.mkv","Rumble in the Bronx - Hong Kong Cut {edition-Hong Kong Cut}","1995","","","","","Unsorted","1990s","","Unsorted/","0.0","unsorted_no_director"
"Interview - Rodney Hill (2014).mkv","Rodney Hill","2014","","","","","Unsorted","2010s","","Unsorted/","0.0","unsorted_no_director"
"Interview - Catherine Deneuve at the National Film Theatre (1983).mkv","Catherine Deneuve at the National Film Theatre","1983","","","","","Unsorted","1980s","","Unsorted/","0.0","unsorted_no_director"
"Interview - Jacques Demy and Michel Legrand - Cinepanorama (1964).mkv","Jacques Demy and Michel Legrand - Cinepanorama","1964","","","","","Unsorted","1960s","","Unsorted/","0.0","unsorted_no_director"
"Interview - Michel Legrand at the National Film Theatre (1991).mkv","Michel Legrand at the National Film Theatre","1991","","","","","Unsorted","1990s","","Unsorted/","0.0","unsorted_no_director"
"Pandora Peaks - Russ Meyer 2001 [ENG-DEU].avi","Russ Meyer","2001","Pandora Peaks","","US","","Unsorted","2000s","","Unsorted/","0.0","unsorted_no_match"
"Holds up the Ceiling - interview with Bruno Gantillon - part 2 (2025).mkv","Holds up the Ceiling - interview with Bruno Gantillon - part 2","2025","","","","","Unsorted","2020s","","Unsorted/","0.0","unsorted_no_director"
"Holds up the Ceiling - interview with Bruno Gantillon - part 1 (2025).mkv","Holds up the Ceiling - interview with Bruno Gantillon - part 1","2025","","","","","Unsorted","2020s","","Unsorted/","0.0","unsorted_no_director"
"English version - El Topo (1970).mkv","El Topo","1970","Alejandro Jodorowsky","","MX","","Satellite","1970s","Indie Cinema","Satellite/Indie Cinema/1970s/","0.7","tmdb_satellite"
"Interview - Stanley Kubrick (1966).mkv","Stanley Kubrick","1966","","","","","Unsorted","1960s","","Unsorted/","0.0","unsorted_no_director"
"Interviews - Henry Jaglom, Gary Graver, Martin Ritt, Peter Bogdanovich, and Frank Marshall - Knowing Welles (1990).mkv","Henry Jaglom, Gary Graver, Martin Ritt, Peter Bogdanovich, and Frank Marshall - Knowing Welles","1990","","","","","Unsorted","1990s","","Unsorted/","0.0","unsorted_no_director"
"Interview - Farran Smith Nehme (2021).mkv","Farran Smith Nehme","2021","","","","","Unsorted","2020s","","Unsorted/","0.0","unsorted_no_director"
"Interview - Joseph Cotten - Granada Television (1966).mkv","Joseph Cotten - Granada Television","1966","","","","","Unsorted","1960s","","Unsorted/","0.0","unsorted_no_director"
"Interviews - Robert Wise, Ruth Warrick, and Linwood Dunn - Working on Kane (1990).mkv","Robert Wise, Ruth Warrick, and Linwood Dunn - Working on Kane","1990","","","","","Unsorted","1990s","","Unsorted/","0.0","unsorted_no_director"
"Short - The Hearts of Age (1934).mkv","The Hearts of Age","1934","William Vance","","US","","Unsorted","1930s","","Unsorted/","0.0","unsorted_no_match"
"The South Bank Show (1978) - S12E11 - John Houseman (1988).mkv","The South Bank Show","1978","","","","","Unsorted","1970s","","Unsorted/","0.0","unsorted_no_director"
"The Merv Griffin Show (1962) - S16E234 (1979).mkv","The Merv Griffin Show","1962","","","","","Unsorted","1960s","","Unsorted/","0.0","unsorted_no_director"
"Radio Play - His Honor, The Mayor (1941).mkv","His Honor, The Mayor","1941","","","","","Unsorted","1940s","","Unsorted/","0.0","unsorted_no_director"
"Radio Play - Heart of Darkness (1938).mkv","Heart of Darkness","1938","","","","","Unsorted","1930s","","Unsorted/","0.0","unsorted_no_director"
"Radio Play - Dracula (1938).mkv","Dracula","1938","","","","","Unsorted","1930s","","Unsorted/","0.0","unsorted_no_director"
"Interviews - Craig Barron and Ben Burtt (2021).mkv","Craig Barron and Ben Burtt","2021","","","","","Unsorted","2020s","","Unsorted/","0.0","unsorted_no_director"
"Interviews - Allen Daviau, Haskell Wexler, and Vilmos Zsigmond - On Toland (1990).mkv","Allen Daviau, Haskell Wexler, and Vilmos Zsigmond - On Toland","1990","","","","","Unsorted","1990s","","Unsorted/","0.0","unsorted_no_director"
"Interview - William Alland (1996).mkv","William Alland","1996","","","","","Unsorted","1990s","","Unsorted/","0.0","unsorted_no_director"
"Video Essay - Robert Carringer - Rosebud Reconsidered (2021).mkv","Robert Carringer - Rosebud Reconsidered","2021","","","","","Unsorted","2020s","","Unsorted/","0.0","unsorted_no_director"
"Interview - Racquel J. Gates - Reframing Kane (2021).mkv","Racquel J Gates - Reframing Kane","2021","","","","","Unsorted","2020s","","Unsorted/","0.0","unsorted_no_director"
"Interview - Jacques Tourneur (1979).mkv","Jacques Tourneur","1979","","","","","Unsorted","1970s","","Unsorted/","0.0","unsorted_no_director"
"Trailer - United Artists 1970 Reissue.mkv","United Artists","1970","Trailer","","","","Unsorted","1970s","","Unsorted/","0.0","unsorted_no_match"
"Trailer - Warner Brothers 1951.mkv","Warner Brothers","1951","Trailer","","","","Unsorted","1950s","","Unsorted/","0.0","unsorted_no_match"
"Trailer - 20th Century Fox 1958 Reissue.mkv","20th Century Fox","1958","Trailer","","","","Unsorted","1950s","","Unsorted/","0.0","unsorted_no_match"
"Beyrouth ma ville - Jocelyne Saab.mkv","Beyrouth ma ville - Jocelyne Saab","","","","","","Unsorted","","","Unsorted/","0.0","unsorted_no_year"
"Die endlose Nacht (1963) WEB-DL 1080p.mkv","Die endlose Nacht","1963","Will Tremper","","DE","","Unsorted","1960s","","Unsorted/","0.0","unsorted_no_match"
"La classe americaine (1993) [2010.Special.Edition.99c][cyclim.se].mkv","La classe americaine [2010 Special Edition 99c][cyclim se]","1993","Michel Hazanavicius","","FR","","Unsorted","1990s","","Unsorted/","0.0","unsorted_no_match"
"Las.Islas.Marias.1951.1080p.WEB-DL.AAC2.0.H.264.mkv","Las Islas Marias","1951","Emilio Fernández","","MX","","Unsorted","1950s","","Unsorted/","0.0","unsorted_no_match"
"Love in the Big City.2024.1080p.WEB-DL.AAC2.0.H.264-AYA.mkv","Love in the Big City","2024","E.oni","","KR","","Satellite","2020s","Indie Cinema","Satellite/Indie Cinema/2020s/","0.7","tmdb_satellite"
"mountains.may.depart.2015.limited.bdrip.x264-bipolar.mkv","mountains may depart limited","2015","","","","","Unsorted","2010s","","Unsorted/","0.0","unsorted_no_director"
"Stonehead.2017.HDTV.1080i.H264-TPTV.mkv","Stonehead","2017","Xiang Zhao","","CN","","Satellite","2010s","Indie Cinema","Satellite/Indie Cinema/2010s/","0.7","tmdb_satellite"
"The Explosive Generation (1961) MGM Limited DVDRip x264 BBM [CG].mkv","The Explosive Generation MGM Limited","1961","","","","","Unsorted","1960s","","Unsorted/","0.0","unsorted_no_director"
"The Laundromat 1985 dir. Robert Altman.mp4","The Laundromat dir Robert Altman","1985","","","","","Unsorted","1980s","","Unsorted/","0.0","unsorted_no_director"
"The Seduction of Angela (Cinemax).mkv","The Seduction of Angela (Cinemax)","","","","","","Unsorted","","","Unsorted/","0.0","unsorted_no_year"
"The.Argyle.Secrets.1948.1080p.HULU.WEB-DL.AAC2.0.H.264-PLiSSKEN.mkv","The Argyle Secrets","1948","Cy Endfield","","US","","Unsorted","1940s","","Unsorted/","0.0","unsorted_no_match"
"The.Castle.of.Purity.1973.1080p.AMZN.WEB-DL.DDP2.0.H264-PTerWEB.mkv","The Castle of Purity","1973","Arturo Ripstein","","MX","","Satellite","1970s","Indie Cinema","Satellite/Indie Cinema/1970s/","0.7","tmdb_satellite"
"The.Dark.at.the.Top.of.the.Stairs.1960.404p.AMZN.WEB-DL.DDP2.0.H.264.mkv","The Dark at the Top of the Stairs 404p","1960","Delbert Mann","","US","","Unsorted","1960s","","Unsorted/","0.0","unsorted_no_match"
"The.Passage.to.Japan.1991.1080p.AMZN.WEB-DL.DDP2.0.H.264-ARiN.mkv","The Passage to Japan","1991","Shinichiro Sawai","","JP","","Satellite","1990s","Indie Cinema","Satellite/Indie Cinema/1990s/","0.7","tmdb_satellite"
"The.Speed.of.Life.1080p.AMZN.WEB-DL.AC3.H.264-Koza.mkv","The Speed of Life","","","","","","Unsorted","","","Unsorted/","0.0","unsorted_no_year"
"Through.and.Through.1973.720p.BluRay.FLAC2.0.x264-PTer.mkv","Through and Through","1973","Grzegorz Królikiewicz","","PL","","Satellite","1970s","Indie Cinema","Satellite/Indie Cinema/1970s/","0.7","tmdb_satellite"
"Gentlemen.Prefer.Blondes.1953.1080p.BluRay.x264-CiNEFiLE.mkv","Gentlemen Prefer Blondes","1953","Howard Hawks","","US","","Unsorted","1950s","","Unsorted/","0.0","unsorted_no_match"
"La.Cicatrice.Interieure.AKA.The.Inner.Scar.1972.720p.BluRay.x264-SPiRiT.mkv","La Cicatrice Interieure AKA The Inner Scar","1972","","","","","Unsorted","1970s","","Unsorted/","0.0","unsorted_no_director"
"The.Return.Of.The.Pink.Panther.1975.1080p.BluRay.x264-[YTS.AG].mp4","The Return Of The Pink Panther","1975","Blake Edwards","","GB","","Unsorted","1970s","","Unsorted/","0.0","unsorted_no_match"
"Ivan Andonov - (1988) Yesterday.mkv","Yesterday","1988","Ivan Andonov","","BU","","Unsorted","1980s","","Unsorted/","0.0","unsorted_no_match"
"A.Mulher.Que.Eu.Abandonei.aka.Watashi.ga.suteta.onna.1969.1080p.FLMN.WEB-DL.H264-CKTV.mkv","A Mulher Que Eu Abandonei aka Watashi ga suteta onna","1969","","","","","Unsorted","1960s","","Unsorted/","0.0","unsorted_no_director"
"2-Assa-2.2008.DVDRip.x264-BNBP.mkv","2-Assa-2","2008","Sergey Solovyov","","RU","","Unsorted","2000s","","Unsorted/","0.0","unsorted_no_match"
"16mm Airplane TV.mkv","16mm Airplane TV","","","","","","Unsorted","","","Unsorted/","0.0","unsorted_no_year"
"As Cariocas (1966).avi","As Cariocas","1966","Fernando De Barros","","BR","","Satellite","1960s","Brazilian Exploitation","Satellite/Brazilian Exploitation/1960s/","0.7","country_satellite"
"Karina, Objeto Do Prazer (1981) Jean Garret.MKO.mkv","Karina, Objeto Do Prazer Jean Garret MKO","1981","","","","","Unsorted","1980s","","Unsorted/","0.0","unsorted_no_director"
"Tchau Amor, Jean Garret, 1982.avi","Tchau Amor, Jean Garret,","1982","","","","","Unsorted","1980s","","Unsorted/","0.0","unsorted_no_director"
"ESTRANHO DESEJO.avi","ESTRANHO DESEJO","","","","","","Unsorted","","","Unsorted/","0.0","unsorted_no_year"
"2003 - Save the Green Planet!.1080p.WEB-DL.mkv","Save the Green Planet!","2003","Jang Joon-hwan","","KR","","Unsorted","2000s","","Unsorted/","0.0","unsorted_no_match"
"A Espiã que Entrou em Fria.1967.480p.mp4","A Espiã que Entrou em Fria 480p","1967","Sanin Cherques","","BR","","Satellite","1960s","Brazilian Exploitation","Satellite/Brazilian Exploitation/1960s/","0.7","country_satellite"
"Avidacomoelae(1).mkv","Avidacomoelae(1)","","","","","","Unsorted","","","Unsorted/","0.0","unsorted_no_year"
"Avidacomoelae(4).mkv","Avidacomoelae(4)","","","","","","Unsorted","","","Unsorted/","0.0","unsorted_no_year"
"Avidacomoelae(3).mkv","Avidacomoelae(3)","","","","","","Unsorted","","","Unsorted/","0.0","unsorted_no_year"
"Avidacomoelae(2).mkv","Avidacomoelae(2)","","","","","","Unsorted","","","Unsorted/","0.0","unsorted_no_year"
"A Woman Under the Influence.mkv","A Woman Under the I","","","","","","Unsorted","","","Unsorted/","0.0","unsorted_no_year"
"A.New.Wave.1990.DVDRip.x264-HANDJOB.mkv","A New Wave","1990","","","","","Unsorted","1990s","","Unsorted/","0.0","unsorted_no_director"
"A.Night.in.Nude.1993.1080p.BluRay.x265.HEVC.FLAC-SARTRE.mkv","A Night in Nude","1993","Takashi Ishii","","JP","","Satellite","1990s","Indie Cinema","Satellite/Indie Cinema/1990s/","0.7","tmdb_satellite"
"Absences repetees.mp4","Absences repetees","","","","","","Unsorted","","","Unsorted/","0.0","unsorted_no_year"
"AGRAHARATHIL_KAZHUTAI.mkv","AGRAHARATHIL KAZHUTAI","","","","","","Unsorted","","","Unsorted/","0.0","unsorted_no_year"
"Ai.futatabi.1971.AKA.To.Love.Again.REPACK.1080p.AMZN.WEB-DL.DDP2.0.H.264-NTb.mkv","Ai futatabi AKA To Love Again","1971","","","","","Unsorted","1970s","","Unsorted/","0.0","unsorted_no_director"
"Allan Dwan - 1952 - Montana Belle -La bella de Montana [dual español-inglés] ֍1264.avi","Allan Dwan - - Montana Belle -La bella de Montana [dual español-inglés] ֍1264","1952","","","","","Unsorted","1950s","","Unsorted/","0.0","unsorted_no_director"
"Amateur.mkv","Amateur","","","","","","Unsorted","","","Unsorted/","0.0","unsorted_no_year"
"AMMA ARIYAN.mkv","AMMA ARIYAN","","","","","","Unsorted","","","Unsorted/","0.0","unsorted_no_year"
"Kon Ichikawa - An Actor's Revenge.mkv","Kon Ichikawa - An Actor's Revenge","","","","","","Unsorted","","","Unsorted/","0.0","unsorted_no_year"
"An.Affair.To.Remember.1957.1080p.BluRay.x264.DTS-FGT.mkv","An Affair To Remember","1957","Leo McCarey","","US","","Unsorted","1950s","","Unsorted/","0.0","unsorted_no_match"
"ANGEL TERMINATORS x264.mkv","ANGEL TERMINATORS","","","","","","Unsorted","","","Unsorted/","0.0","unsorted_no_year"
"Anna.mkv","Anna","","","","","","Unsorted","","","Unsorted/","0.0","unsorted_no_year"
"Bacalhau (1975 - 360p - Português).mp4","Bacalhau (1975 - 360p - Português)","","","","","","Unsorted","","","Unsorted/","0.0","unsorted_no_year"
"Bachelor in Paradise.1961.576p.BDRip-AVC.ZONE.mkv","Bachelor in Paradise 576p","1961","Jack Arnold","","US","","Unsorted","1960s","","Unsorted/","0.0","unsorted_no_match"
"Beautiful But Dangerous AKA La donna piu bella del mondo - 1955 - Robert Z. Leonard.mkv","Beautiful But Dangerous AKA La donna piu bella del mondo - - Robert Z Leonard","1955","","","","","Unsorted","1950s","","Unsorted/","0.0","unsorted_no_director"
"BENEAT~1.MKV","BENEAT~1","","","","","","Unsorted","","","Unsorted/","0.0","unsorted_no_year"
"Beyond the Clouds (1995) -- Michelangelo Antonioni Wim Wenders.mkv","Beyond the Clouds -- Michelangelo Antonioni Wim Wenders","1995","","","","","Unsorted","1990s","","Unsorted/","0.0","unsorted_no_director"
"Bitter Stems, The (1956) - 1080p.mp4","Bitter Stems, The","1956","Fernando Ayala","","AR","","Unsorted","1950s","","Unsorted/","0.0","unsorted_no_match"
"Black.Girl.1972.mkv","Black Girl 1972","","","","","","Unsorted","","","Unsorted/","0.0","unsorted_no_year"
"Black.Orpheus.1959.1080p.BluRay.x264.AAC-YTS.mp4","Black Orpheus","1959","Marcel Camus","","BR","","Unsorted","1950s","","Unsorted/","0.0","unsorted_no_match"
"Blue Magic.mkv","Blue Magic","","","","","","Unsorted","","","Unsorted/","0.0","unsorted_no_year"
"Bonjour.tristesse.1958.Hybrid.1080p.BluRay.FLAC1.0.x264-RO.mkv","Bonjour tristesse","1958","Otto Preminger","","GB","","Unsorted","1950s","","Unsorted/","0.0","unsorted_no_match"
"But.the.Flesh.is.Weak.1957.1080p.AMZN.WEB-DL.DDP2.0.H.264-ASO.mkv","But the Flesh is Weak","1957","Kō Nakahira","","JP","","Unsorted","1950s","","Unsorted/","0.0","unsorted_no_match"
"The Making Of Captain EO.mp4","The Making Of Captain EO","","","","","","Unsorted","","","Unsorted/","0.0","unsorted_no_year"
"Captain EO [RoughCut].mp4","Captain EO [RoughCut]","","","","","","Unsorted","","","Unsorted/","0.0","unsorted_no_year"
"Celine and Julie Go Boating.mkv","Celine and Julie Go Boating","","","","","","Unsorted","","","Unsorted/","0.0","unsorted_no_year"
"Center.Stage.1991.USA.1080p.BluRay.x265.10bit.FLAC.2.0.2Audio-SONYHD.mkv","Center Stage USA","1991","","","","","Unsorted","1990s","","Unsorted/","0.0","unsorted_no_director"
"CHIDAMBARAM.mkv","CHIDAMBARAM","","","","","","Unsorted","","","Unsorted/","0.0","unsorted_no_year"
"Choose Me.mkv","Choose Me","","","","","","Unsorted","","","Unsorted/","0.0","unsorted_no_year"
"Christmas Story, A (1983).mp4","Christmas Story, A","1983","Bob Clark","","US","","Unsorted","1980s","","Unsorted/","0.0","unsorted_no_match"
"La.ville.des.pirates.AKA.City.of.Pirates.1983.DVDRip.x264-HANDJOB.mkv","La ville des pirates AKA City of Pirates","1983","","","","","Unsorted","1980s","","Unsorted/","0.0","unsorted_no_director"
"Raoul.Ruiz.2000.Comedy.of.Innocence.mkv","Raoul Ruiz Comedy of Innocence","2000","","","","","Unsorted","2000s","","Unsorted/","0.0","unsorted_no_director"
"Cronica.De.Un.Nino.Solo.1964.720p.WEB.x264-gooz.mkv","Cronica De Un Nino Solo","1964","","","","","Unsorted","1960s","","Unsorted/","0.0","unsorted_no_director"
"Daisies.1966.SR.1080p.BluRay.x265.HEVC.AAC-SARTRE.mkv","Daisies SR","1966","Věra Chytilová","","XC","","Unsorted","1960s","","Unsorted/","0.0","unsorted_no_match"
"Das Tripas Coração (1982).mp4","Das Tripas Coração","1982","","","","","Unsorted","1980s","","Unsorted/","0.0","unsorted_no_director"
"Dead.Reckoning.1947.576p.BluRay.x264.AAC-PLAINVIEW.mkv","Dead Reckoning 576p","1947","John Cromwell","","US","","Unsorted","1940s","","Unsorted/","0.0","unsorted_no_match"
"Depravação Orgia das Taras.mkv","Depravação Orgia das Taras","","","","","","Unsorted","","","Unsorted/","0.0","unsorted_no_year"
"Desire.1936.1080p.BluRay.x264.AAC-[YTS.MX].mp4","Desire","1936","Frank Borzage","","US","","Unsorted","1930s","","Unsorted/","0.0","unsorted_no_match"
"Sale comme un ange DVD Remux.mkv","Sale comme un ange DVD Remux","","","","","","Unsorted","","","Unsorted/","0.0","unsorted_no_year"
"Don Juan ou si Don Juan était une femme.mp4","Don Juan ou si Don Juan était une femme","","","","","","Unsorted","","","Unsorted/","0.0","unsorted_no_year"
"Im.A.Cyborg.But.Thats.OK.2006.1080p.BluRay.x264.AAC5.1-[YTS.MX].mp4","Im A Cyborg But Thats OK","2006","Park Chan-wook","","KR","","Satellite","2000s","Indie Cinema","Satellite/Indie Cinema/2000s/","0.7","tmdb_satellite"
"2004 - Survive Style 5+.mkv","Survive Style 5+","2004","Gen Sekiguchi","","JP","","Satellite","2000s","Indie Cinema","Satellite/Indie Cinema/2000s/","0.7","tmdb_satellite"
"El.dependiente.1969.DVDRip.DD2.0.x264-WLF.mkv","El dependiente","1969","Leonardo Favio","","AR","","Satellite","1960s","Indie Cinema","Satellite/Indie Cinema/1960s/","0.7","tmdb_satellite"
"El.Romance.Del.Aniceto.Y.La.Francisca.1967.720p.WEB.x264-gooz.mkv","El Romance Del Aniceto Y La Francisca","1967","Leonardo Favio","","AR","","Satellite","1960s","Indie Cinema","Satellite/Indie Cinema/1960s/","0.7","tmdb_satellite"
"El.Escapulario.1968.BluRay.REPACK.1080p.x264-Poussy.mkv","El Escapulario","1968","Servando González","","MX","","Satellite","1960s","Indie Cinema","Satellite/Indie Cinema/1960s/","0.7","tmdb_satellite"
"Engraçadinha.1981.720p.mkv","Engraçadinha","1981","","","","","Unsorted","1980s","","Unsorted/","0.0","unsorted_no_director"
"Estrela Nua.mkv","Estrela Nua","","","","","","Unsorted","","","Unsorted/","0.0","unsorted_no_year"
"Every.Man.for.Himself.1980.(J-Luc.Godard).1080p.BRRip.x264-Classics.mkv","Every Man for Himself (J-Luc Godard)","1980","","","","","Unsorted","1980s","","Unsorted/","0.0","unsorted_no_director"
"Farewell China çˆ±åœ¨åˆ«ä¹¡çš„å­£èŠ‚ 1990.mkv","Farewell China çˆ±åœ¨åˆ«ä¹¡çš„å­£èŠ‚","1990","","","","","Unsorted","1990s","","Unsorted/","0.0","unsorted_no_director"
"Fascination.mkv","Fascination","","","","","","Unsorted","","","Unsorted/","0.0","unsorted_no_year"
"Faster Pussycat Kill Kill_1965_1080p.mkv","Faster Pussycat Kill Kill 1965","","","","","","Unsorted","","","Unsorted/","0.0","unsorted_no_year"
"Angst.vor.der.Angst.AKA.Fear.of.Fear.1975.1080p.BluRay.FLAC.x264-HANDJOB.mkv","Angst vor der Angst AKA Fear of Fear","1975","","","","","Unsorted","1970s","","Unsorted/","0.0","unsorted_no_director"
"Femmine.carnivore.1970.mkv","Femmine carnivore 1970","","","","","","Unsorted","","","Unsorted/","0.0","unsorted_no_year"
"Film_ Sonnenstrahl.mp4","Film Sonnenstrahl","","","","","","Unsorted","","","Unsorted/","0.0","unsorted_no_year"
"Fin.de.fiesta.1960.VHSrip.XVID.MP3.G17.clan-sudamerica.net.avi","Fin de fiesta VHSrip XVID MP3 G17 clan-sudamerica net","1960","","","","","Unsorted","1960s","","Unsorted/","0.0","unsorted_no_director"
"Flirt.mp4","Flirt","","","","","","Unsorted","","","Unsorted/","0.0","unsorted_no_year"
"Frankenstein.Punk.mp4","Frankenstein Punk","","","","","","Unsorted","","","Unsorted/","0.0","unsorted_no_year"
"Freaks.of.Nature.2015.1080p.BluRay.x264.DTS-ETRG.mkv","Freaks of Nature","2015","Robbie Pickering","","US","","Unsorted","2010s","","Unsorted/","0.0","unsorted_no_match"
"Godard par Godard.mkv","Godard par Godard","","","","","","Unsorted","","","Unsorted/","0.0","unsorted_no_year"
"Passion.1982.(Jean.Luc.Godard-Isabelle.Huppert-Drama).1080P.Brrip.X264-Classics.mp4","Passion (Jean Luc Godard-Isabelle Huppert-Drama)","1982","","","","","Unsorted","1980s","","Unsorted/","0.0","unsorted_no_director"
"Gold Diggers of 1935 (1935) - [imdb=tt0026521] [WEBRip-1080p][AAC 1.0][x265].mkv","Gold Diggers of 1935","1935","Busby Berkeley","","US","","Unsorted","1930s","","Unsorted/","0.0","unsorted_no_match"
"Buongiorno, notte_( Good Morning, Night)_2003_DVDRip-AVC_ (1).mkv","Buongiorno, notte ( Good Morning, Night) 2003","","","","","","Unsorted","","","Unsorted/","0.0","unsorted_no_year"
"Grass.Labyrinth.1979.1080i.HDTV.MPEG2.AAC.mkv","Grass Labyrinth 1080i","1979","","","","","Unsorted","1970s","","Unsorted/","0.0","unsorted_no_director"
"Gun for a Coward.1957.576p.BDRip-AVC.ZONE.mkv","Gun for a Coward 576p","1957","Abner Biberman","","US","","Unsorted","1950s","","Unsorted/","0.0","unsorted_no_match"
"Hable con ella (Pedro Almodóvar, 2002).mp4","Hable con ella","2002","Pedro Almodóvar","","ES","","Unsorted","2000s","","Unsorted/","0.0","unsorted_no_match"
"Happiness of the Katakuris, The (2001).mkv","Happiness of the Katakuris, The","2001","Takashi Miike","","JP","","Satellite","2000s","Indie Cinema","Satellite/Indie Cinema/2000s/","0.7","tmdb_satellite"
"Haruyoshi Noguchi - Gambling Kitten.mkv","Haruyoshi Noguchi - Gambling Kitten","","","","","","Unsorted","","","Unsorted/","0.0","unsorted_no_year"
"Helter Skelter (2012).mp4","Helter Skelter","2012","Mika Ninagawa","","JP","","Satellite","2010s","Indie Cinema","Satellite/Indie Cinema/2010s/","0.7","tmdb_satellite"
"Hi.Mom.2021.iTunes.WEB-DL.1080p.H264.DD-MHDVV.mkv","Hi Mom iTunes","2021","Ling Jia","","CN","","Satellite","2020s","Indie Cinema","Satellite/Indie Cinema/2020s/","0.7","tmdb_satellite"
"Hot Rock, The (1972).mp4","Hot Rock, The","1972","Peter Yates","","US","","Unsorted","1970s","","Unsorted/","0.0","unsorted_no_match"
"Hour.Of.The.Wolf.1968.1080p.BluRay.x264-[YTS.AM].mp4","Hour Of The Wolf","1968","Ingmar Bergman","","SE","","Satellite","1960s","Indie Cinema","Satellite/Indie Cinema/1960s/","0.7","tmdb_satellite"
"Human.Desire.1954.MOC.1080p.BluRay.x265.HEVC.FLAC-SARTRE.mkv","Human Desire MOC","1954","Fritz Lang","","US","","Unsorted","1950s","","Unsorted/","0.0","unsorted_no_match"
"Un mari a prix fixe.avi","Un mari a prix fixe","","","","","","Unsorted","","","Unsorted/","0.0","unsorted_no_year"
"Hustler, The (1961).mp4","Hustler, The","1961","Robert Rossen","","US","","Unsorted","1960s","","Unsorted/","0.0","unsorted_no_match"
"Idol of the Crowds (1937).mkv","Idol of the Crowds","1937","Arthur Lubin","","US","","Unsorted","1930s","","Unsorted/","0.0","unsorted_no_match"
"If... (1968).mp4","If","1968","Lindsay Anderson","","GB","","Satellite","1960s","Indie Cinema","Satellite/Indie Cinema/1960s/","0.7","tmdb_satellite"
"Ikarie XB 1 (1963).mkv","Ikarie XB 1","1963","Jindřich Polák","","XC","","Unsorted","1960s","","Unsorted/","0.0","unsorted_no_match"
"In Harms Way 1965 1080p BluRay x264-OFT.mkv","In Harms Way","1965","Otto Preminger","","US","","Unsorted","1960s","","Unsorted/","0.0","unsorted_no_match"
"Intrepidos.Punks.1980.1080p.BluRay.FLAC.x264-HANDJOB.mkv","Intrepidos Punks","1980","","","","","Unsorted","1980s","","Unsorted/","0.0","unsorted_no_director"
"Irma.Vep.1996.FRENCH.VOF.1080p.HDLight.AC3.5.1.H264-NoTag.mkv","Irma Vep FRENCH VOF","1996","","fr","FR","","Unsorted","1990s","","Unsorted/","0.0","unsorted_no_director"
"Iruvar 1997 1080p WEB-DL x264 Tamil AAC2.0 ESub - SP3LL.mkv","Iruvar","1997","Mani Ratnam","hi","IN","","Satellite","1990s","Indie Cinema","Satellite/Indie Cinema/1990s/","0.7","tmdb_satellite"
"Jana Aranya AKA The Middleman (1975).avi","Jana Aranya AKA The Middleman","1975","","","","","Unsorted","1970s","","Unsorted/","0.0","unsorted_no_director"
"Okamoto kihachi - Jazz Daimyo.avi","Okamoto kihachi - Jazz Daimyo","","","","","","Unsorted","","","Unsorted/","0.0","unsorted_no_year"
"Jean-Christophe Averty - 1970 - Soft Self-Portrait of Salvador Dalí [VHS].mkv","Jean-Christophe Averty - - Soft Self-Portrait of Salvador Dalí [VHS]","1970","","","","","Unsorted","1970s","","Unsorted/","0.0","unsorted_no_director"
"Johnny Minotaur.mkv","Johnny Minotaur","","","","","","Unsorted","","","Unsorted/","0.0","unsorted_no_year"
"Juan.Moreira.1973.1080p.TDTRip.x264-Camiseta10.mkv","Juan Moreira","1973","Leonardo Favio","","AR","","Satellite","1970s","Indie Cinema","Satellite/Indie Cinema/1970s/","0.7","tmdb_satellite"
"Jutta Hercher, Maria Hemmleb - 1989 - Mein Herz schlägt blau (Ella Bergmann-Michel) [DVD-PAL].mkv","Jutta Hercher, Maria Hemmleb - - Mein Herz schlägt blau (Ella Bergmann-Michel) [DVD-PAL]","1989","","","","","Unsorted","1980s","","Unsorted/","0.0","unsorted_no_director"
"Kosei Saito - G.I. Samurai.mkv","Kosei Saito - G I Samurai","","","","","","Unsorted","","","Unsorted/","0.0","unsorted_no_year"
"Kummatty.1979.1080p.WEB-DL.AAC2.0.H.264-GA.mkv","Kummatty","1979","Govindan Aravindan","","IN","","Satellite","1970s","Indie Cinema","Satellite/Indie Cinema/1970s/","0.7","tmdb_satellite"
"L-esquive.AKA.Games.of.Love.and.Chance.2003.DVDRip.mkv","L-esquive AKA Games of Love and Chance","2003","","","","","Unsorted","2000s","","Unsorted/","0.0","unsorted_no_director"
"L'Amour Fou.mkv","L'Amour Fou","","","","","","Unsorted","","","Unsorted/","0.0","unsorted_no_year"
"L'Éden et après (Alain Robbe-Grillet, 1970).mp4","L'Éden et après","1970","Alain Robbe-Grillet","","","","Unsorted","1970s","","Unsorted/","0.0","unsorted_no_match"
"La Belle Noiseuse.mkv","La Belle Noiseuse","","","","","","Unsorted","","","Unsorted/","0.0","unsorted_no_year"
"La Condanna.mkv","La Condanna","","","","","","Unsorted","","","Unsorted/","0.0","unsorted_no_year"
"La Estrategia del Caracol.mkv","La Estrategia del Caracol","","","","","","Unsorted","","","Unsorted/","0.0","unsorted_no_year"
"La mujer murciélago (1968) 1080p.mkv","La mujer murciélago","1968","","","","","Unsorted","1960s","","Unsorted/","0.0","unsorted_no_director"
"La piel que habito (Pedro Almodóvar, 2011).mp4","La piel que habito","2011","Pedro Almodóvar","","ES","","Unsorted","2010s","","Unsorted/","0.0","unsorted_no_match"
"La soldadera (1967) Blu-ray 1080p.mkv","La soldadera Blu-ray","1967","","","","","Unsorted","1960s","","Unsorted/","0.0","unsorted_no_director"
"La.Fidelidad.1970.SATRip.x264.AC3-maximogorki.mkv","La Fidelidad SATRip","1970","Juan José Jusid","","AR","","Satellite","1970s","Indie Cinema","Satellite/Indie Cinema/1970s/","0.7","tmdb_satellite"
"Le.DÃ©luge.Gli.Ultimi.Giorni.Di.Maria.Antonietta.2024.iTA-FRE.Bluray.1080p.x264-CYBER.mkv","Le DÃ©luge Gli Ultimi Giorni Di Maria Antonietta iTA-FRE","2024","","","","","Unsorted","2020s","","Unsorted/","0.0","unsorted_no_director"
"Le.joli.mai.AKA.The.Lovely.Month.of.May.1963.1080p.WEB-DL.AAC2.0.H.264-Art.mkv","Le joli mai AKA The Lovely Month of May","1963","","","","","Unsorted","1960s","","Unsorted/","0.0","unsorted_no_director"
"Le.paria.1969.576p.BDRip-AVC.ZONE.mkv","Le paria 576p","1969","Claude Carliez","","FR","","Unsorted","1960s","","Unsorted/","0.0","unsorted_no_match"
"Le voyage dans la lune (Georges Méliès, 1902).mp4","Le voyage dans la lune (Georges Méliès, 1902)","","","","","","Unsorted","","","Unsorted/","0.0","unsorted_no_year"
"Le.cercle.vicieux.1960.DVDRip.x264.AC3.mkv","Le cercle vicieux","1960","Max Pécas","","FR","","Satellite","1960s","European Sexploitation","Satellite/European Sexploitation/1960s/","0.7","tmdb_satellite"
"Le.mepris.AKA.Contempt.1963.720p.BluRay.FLAC.2.0.x264-Uld.mkv","Le mepris AKA Contempt","1963","","","","","Unsorted","1960s","","Unsorted/","0.0","unsorted_no_director"
"Le Plein De Super 1976 1080p FR X264 AAC-mHDgz.mkv","Le Plein De Super","1976","Alain Cavalier","","FR","","Unsorted","1970s","","Unsorted/","0.0","unsorted_no_match"
"Le.Protecteur.1974.mkv","Le Protecteur 1974","","","","","","Unsorted","","","Unsorted/","0.0","unsorted_no_year"
"Les Copains.1965.576p.BDRip-AVC.ZONE.mkv","Les Copains 576p","1965","Yves Robert","","FR","","Unsorted","1960s","","Unsorted/","0.0","unsorted_no_match"
"Les Egouts de Paradis.1979.576p.BDRip-AVC.ZONE.mkv","Les Egouts de Paradis 576p","1979","","","","","Unsorted","1970s","","Unsorted/","0.0","unsorted_no_director"
"Les.Mauvaises.Rencontres.AKA.Bad.Liaisons.1955.TVRip.x264-HANDJOB.mkv","Les Mauvaises Rencontres AKA Bad Liaisons TVRip","1955","","","","","Unsorted","1950s","","Unsorted/","0.0","unsorted_no_director"
"The.Castaways.of.Turtle.Island.1976.1008p.AMZN.WEB-DL.DDP2.0.H.264-Kitsune.mkv","The Castaways of Turtle Island 1008p","1976","Jacques Rozier","","FR","","Unsorted","1970s","","Unsorted/","0.0","unsorted_no_match"
"Limonadovy Joe aneb Konska opera (1964).BDRip.CZ.EN.1080p.mkv","Limonadovy Joe aneb Konska opera","1964","Oldřich Lipský","","XC","","Unsorted","1960s","","Unsorted/","0.0","unsorted_no_match"
"1972.Lo.scopone.scientifico.1080p.BluRay.x264.ITA.mkv","1972 Lo scopone scientifico","","","","","","Unsorted","","","Unsorted/","0.0","unsorted_no_year"
"Lo.mau.AKA.The.Cat.1991.576p.BluRay.AAC.x264-HANDJOB.mkv","Lo mau AKA The Cat 576p","1991","","","","","Unsorted","1990s","","Unsorted/","0.0","unsorted_no_director"
"Looking.for.Mister.Perfect.2003.1080p.MyTVS.WEB-DL.H265.AAC-YingWEB.mkv","Looking for Mister Perfect","2003","Ringo Lam Ling-Tung","","HK","","Unsorted","2000s","","Unsorted/","0.0","unsorted_no_match"
"Looking for Mr. Goodbar.mkv","Looking for Mr Goodbar","","","","","","Unsorted","","","Unsorted/","0.0","unsorted_no_year"
"Lorna.2014.1080p.HC.WEB-DL.AAC2.0.x264-RSG.mkv","Lorna","2014","Sigrid Andrea P. Bernardo","","PH","","Unsorted","2010s","","Unsorted/","0.0","unsorted_no_match"
"Los.Olvidados.1950.JP.1080p.BluRay.x265.HEVC.FLAC-SARTRE.mkv","Los Olvidados JP","1950","","","","","Unsorted","1950s","","Unsorted/","0.0","unsorted_no_director"
"Love.Affair.1939.1080p.BluRay.x264-OFT.mkv","Love Affair","1939","Leo McCarey","","US","","Unsorted","1930s","","Unsorted/","0.0","unsorted_no_match"
"sample.avi","sample","","","","","","Unsorted","","","Unsorted/","0.0","unsorted_no_year"
"Luigi Cozzi's Cozzilla (1977) - 1080p.mkv","Luigi Cozzi's Cozzilla","1977","","","","","Unsorted","1970s","","Unsorted/","0.0","unsorted_no_director"
"Lumiere.D.Ete.1943.1080p.UniversCine.WebDL.mkv","Lumiere D Ete","1943","Jean Grémillon","","FR","","Unsorted","1940s","","Unsorted/","0.0","unsorted_no_match"
"I vampiri AKA Lust of the Vampire 1957 1080p Bluray FLAC x264-Manji.mkv","I vampiri AKA Lust of the Vampire","1957","","","","","Unsorted","1950s","","Unsorted/","0.0","unsorted_no_director"
"Mañana te cuento(2005).mkv","Mañana te cuento","2005","","","","","Unsorted","2000s","","Unsorted/","0.0","unsorted_no_director"
"Mar.De.Rosas.1977.Remasterizado.mp4","Mar De Rosas Remasterizado","1977","","","","","Unsorted","1970s","","Unsorted/","0.0","unsorted_no_director"
"Marehito.mkv","Marehito","","","","","","Unsorted","","","Unsorted/","0.0","unsorted_no_year"
"Cobra Woman (Robert Siodmak, 1944).mp4","Cobra Woman","1944","Robert Siodmak","","US","","Unsorted","1940s","","Unsorted/","0.0","unsorted_no_match"
"Arabian Nights (John Rawlins, 1942).mp4","Arabian Nights","1942","John Rawlins","","US","","Unsorted","1940s","","Unsorted/","0.0","unsorted_no_match"
"Gypsy Wildcat (Roy William Neill, 1944).mp4","","1944","Roy William Neill","","","","Unsorted","1940s","","Unsorted/","0.0","unsorted_no_match"
"Marnie.mkv","Marnie","","","","","","Unsorted","","","Unsorted/","0.0","unsorted_no_year"
"Meditations on Revolution Part II—The Space in Between (Robert Fenz, 1997).avi","Meditations on Revolution Part II—The Space in Between","1997","Robert Fenz","","US","","Unsorted","1990s","","Unsorted/","0.0","unsorted_no_match"
"Mei.gui.di.gu.shi.AKA.Lost.Romance.1985.DVDRip.x264-HANDJOB.mkv","Mei gui di gu shi AKA Lost Romance","1985","","","","","Unsorted","1980s","","Unsorted/","0.0","unsorted_no_director"
"Les amants de Montparnasse (Montparnasse 19) (Jacques Becker, 1958).m4v","Les amants de Montparnasse","1958","Montparnasse 19) (Jacques Becker","","FR","","Unsorted","1950s","","Unsorted/","0.0","unsorted_no_match"
"Morir...dormir...tal.vez.soñar...1976.1080p.FO.WEB-DL.AAC2.0.H.264-CREATiVE.mkv","Morir dormir tal vez soñar","1976","","","","","Unsorted","1970s","","Unsorted/","0.0","unsorted_no_director"
"Nada Sera Como Antes; A Música do Clube da Esquina (2023).mp4","Nada Sera Como Antes; A Música do Clube da Esquina","2023","","","","","Unsorted","2020s","","Unsorted/","0.0","unsorted_no_director"
"Naked Alibi (Jerry Hopper, 1954).mkv","Naked Alibi","1954","Jerry Hopper","","US","","Unsorted","1950s","","Unsorted/","0.0","unsorted_no_match"
"Cristiana Devil Nun (aka Our Lady of Lust) (1972) [edition-X-Rated English Cut] 1080p h265 {imdb-tt0069929}.mkv","Cristiana Devil Nun (aka Our Lady of Lust) [edition-X-Rated English Cut]","1972","","","","","Unsorted","1970s","","Unsorted/","0.0","unsorted_no_director"
"Nénette et Boni (1996).mkv","Nénette et Boni","1996","","","","","Unsorted","1990s","","Unsorted/","0.0","unsorted_no_director"
"Ninja.III.The.Domination.1984.1080p.BluRay.x264.AAC-[YTS.MX].mp4","Ninja III The Domination","1984","Sam Firstenberg","","US","","Unsorted","1980s","","Unsorted/","0.0","unsorted_no_match"
"No me digas adiós (1950).mp4","No me digas adiós","1950","","","","","Unsorted","1950s","","Unsorted/","0.0","unsorted_no_director"
"Noite.2015.Paula.Gaitan.1080p.WEB.x264-gooz.mkv","Noite Paula Gaitan","2015","","","","","Unsorted","2010s","","Unsorted/","0.0","unsorted_no_director"
"Noites_de_Iemanja.avi","Noites de Iemanja","","","","","","Unsorted","","","Unsorted/","0.0","unsorted_no_year"
"Noyade.interdite.1987.FRENCH.1080p.WEB.H264-FW.mkv","Noyade interdite FRENCH","1987","Pierre Granier-Deferre","fr","FR","","Unsorted","1980s","","Unsorted/","0.0","unsorted_no_match"
"O.Corpo.1991.720p.WEB.x264-gooz.mkv","O Corpo","1991","José Antônio Garcia","","BR","","Satellite","1990s","Brazilian Exploitation","Satellite/Brazilian Exploitation/1990s/","0.7","country_satellite"
"O Inseto do Amor.mp4","O Inseto do Amor","","","","","","Unsorted","","","Unsorted/","0.0","unsorted_no_year"
"O Vampiro da Cinemateca.avi","O Vampiro da Cinemateca","","","","","","Unsorted","","","Unsorted/","0.0","unsorted_no_year"
"Ocean's 11 (1960).mp4","Ocean's 11","1960","Lewis Milestone","","US","","Unsorted","1960s","","Unsorted/","0.0","unsorted_no_match"
"Omega Man, The (1971).mkv","Omega Man, The","1971","Boris Sagal","","US","","Unsorted","1970s","","Unsorted/","0.0","unsorted_no_match"
"Palm Springs Weekend [1963 - Taurog, Norman].mkv","Palm Springs Weekend [1963 - Taurog, Norman]","","","","","","Unsorted","","","Unsorted/","0.0","unsorted_no_year"
"Pandora and the Flying Dutchman (Albert Lewin 1951).mkv","Pandora and the Flying Dutchman","1951","Albert Lewin","","GB","","Unsorted","1950s","","Unsorted/","0.0","unsorted_no_match"
"Paraiso (Luis Alcoriza, 1970).mkv","Paraiso","1970","Luis Alcoriza","","MX","","Satellite","1970s","Indie Cinema","Satellite/Indie Cinema/1970s/","0.7","tmdb_satellite"
"Party.Girl.1958.1080p.BluRay.x264.AAC-[YTS.MX].mp4","Party Girl","1958","Nicholas Ray","","US","","Unsorted","1950s","","Unsorted/","0.0","unsorted_no_match"
"Picnic.On.The.Grass.1959.1080p.BluRay.x264-[YTS.LT].mp4","Picnic On The Grass","1959","Jean Renoir","","FR","","Unsorted","1950s","","Unsorted/","0.0","unsorted_no_match"
"Pink Force Commando (1982) Widescreen VHSrip (Eng Dub).m4v","Pink Force Commando Widescreen VHSrip (Eng Dub)","1982","","","","","Unsorted","1980s","","Unsorted/","0.0","unsorted_no_director"
"Plataforma.2000.mkv","Plataforma 2000","","","","","","Unsorted","","","Unsorted/","0.0","unsorted_no_year"
"Quiet Family, The (1998) - 1080p.mp4","Quiet Family, The","1998","Kim Jee-woon","","KR","","Unsorted","1990s","","Unsorted/","0.0","unsorted_no_match"
"Quiet Man, The (1952).mp4","Quiet Man, The","1952","John Ford","","US","","Unsorted","1950s","","Unsorted/","0.0","unsorted_no_match"
"Raise.The.Red.Lantern.1991.1080p.BluRay.x264-CiNEFiLE.mkv","Raise The Red Lantern","1991","Zhang Yimou","","CN","","Satellite","1990s","Indie Cinema","Satellite/Indie Cinema/1990s/","0.7","tmdb_satellite"
"Ran.mkv","Ran","","","","","","Unsorted","","","Unsorted/","0.0","unsorted_no_year"
"Rekopis Znaleziony w Saragossie (1965).mkv","Rekopis Znaleziony w Saragossie","1965","Wojciech Has","","PL","","Unsorted","1960s","","Unsorted/","0.0","unsorted_no_match"
"Requiem for a Vampire.mkv","Requiem for a Vampire","","","","","","Unsorted","","","Unsorted/","0.0","unsorted_no_year"
"Resan.till.Melonia.AKA.The.Journey.to.Melonia.1989.DVDRip.x264.mkv","Resan till Melonia AKA The Journey to Melonia","1989","","","","","Unsorted","1980s","","Unsorted/","0.0","unsorted_no_director"
"The Killers (Robert Siodmak, 1946).mp4","The Killers","1946","Robert Siodmak","","US","","Unsorted","1940s","","Unsorted/","0.0","unsorted_no_match"
"The Dark Mirror (Robert Siodmak, 1946).mp4","The Dark Mirror","1946","Robert Siodmak","","US","","Unsorted","1940s","","Unsorted/","0.0","unsorted_no_match"
"The Suspect (Robert Siodmak, 1944).mp4","The Suspect","1944","Robert Siodmak","","US","","Unsorted","1940s","","Unsorted/","0.0","unsorted_no_match"
"The Spiral Staircase (Robert Siodmak, 1946).mkv","The Spiral Staircase","1946","Robert Siodmak","","US","","Unsorted","1940s","","Unsorted/","0.0","unsorted_no_match"
"The Strange Affair of Uncle Harry (Robert Siodmak, 1945).mkv","The Strange Affair of Uncle Harry","1945","Robert Siodmak","","US","","Unsorted","1940s","","Unsorted/","0.0","unsorted_no_match"
"Cry of the City (Robert Siodmak, 1948).mp4","Cry of the City","1948","Robert Siodmak","","US","","Unsorted","1940s","","Unsorted/","0.0","unsorted_no_match"
"Deported (Robert Siodmak, 1950).mp4","Deported","1950","Robert Siodmak","","US","","Unsorted","1950s","","Unsorted/","0.0","unsorted_no_match"
"The File on Thelma Jordon (Robert Siodmak, 1950).mp4","The File on Thelma Jordon","1950","Robert Siodmak","","US","","Unsorted","1950s","","Unsorted/","0.0","unsorted_no_match"
"Rocco.and.His.Brothers.1960.SC.1080p.BluRay.x265.HEVC.AAC.mkv","Rocco and His Brothers SC","1960","","","","","Unsorted","1960s","","Unsorted/","0.0","unsorted_no_director"
"Rome.Open.City.1945.(Thriller.War).1080p.BRRip.x264-Classics.mkv","Rome Open City (Thriller War)","1945","","","","","Unsorted","1940s","","Unsorted/","0.0","unsorted_no_director"
"Rosa.de.Areia.1989.1080p.WEB-DL.AAC2.0.H264-ZETA.mkv","Rosa de Areia","1989","Margarida Cordeiro","","PT","","Unsorted","1980s","","Unsorted/","0.0","unsorted_no_match"
"S01E06.mp4","S01E06","","","","","","Unsorted","","","Unsorted/","0.0","unsorted_no_year"
"S01E05.mp4","S01E05","","","","","","Unsorted","","","Unsorted/","0.0","unsorted_no_year"
"S01E09.mp4","S01E09","","","","","","Unsorted","","","Unsorted/","0.0","unsorted_no_year"
"S01E11.mp4","S01E11","","","","","","Unsorted","","","Unsorted/","0.0","unsorted_no_year"
"S01E07.mp4","S01E07","","","","","","Unsorted","","","Unsorted/","0.0","unsorted_no_year"
"S01E04.mp4","S01E04","","","","","","Unsorted","","","Unsorted/","0.0","unsorted_no_year"
"S01E03.mp4","S01E03","","","","","","Unsorted","","","Unsorted/","0.0","unsorted_no_year"
"S01E02.mp4","S01E02","","","","","","Unsorted","","","Unsorted/","0.0","unsorted_no_year"
"S01E10.mp4","S01E10","","","","","","Unsorted","","","Unsorted/","0.0","unsorted_no_year"
"S01E08.mp4","S01E08","","","","","","Unsorted","","","Unsorted/","0.0","unsorted_no_year"
"S01E01.mp4","S01E01","","","","","","Unsorted","","","Unsorted/","0.0","unsorted_no_year"
"São Paulo Sociedade Anônima (1965).mkv","São Paulo Sociedade Anônima","1965","","","","","Unsorted","1960s","","Unsorted/","0.0","unsorted_no_director"
"Screaming Mimi (Gerd Oswald, 1958).mkv","Screaming Mimi","1958","Gerd Oswald","","US","","Unsorted","1950s","","Unsorted/","0.0","unsorted_no_match"
"Secret Defense.mkv","Secret Defense","","","","","","Unsorted","","","Unsorted/","0.0","unsorted_no_year"
"serialmom-1080p.mkv","serialmom-","","","","","","Unsorted","","","Unsorted/","0.0","unsorted_no_year"
"Interview with Mcelwee.mkv","Interview with Mcelwee","","","","","","Unsorted","","","Unsorted/","0.0","unsorted_no_year"
"Sherman's March (1986).mkv","Sherman's March","1986","","","","","Unsorted","1980s","","Unsorted/","0.0","unsorted_no_director"
"Simple Men.mkv","Simple Men","","","","","","Unsorted","","","Unsorted/","0.0","unsorted_no_year"
"Sofia.e.a.Educacao.Sexual.1974.576p.DVDRip.x264.DD.2.0-CRVLX.mkv","Sofia e a Educacao Sexual 576p","1974","Eduardo Geada","","PT","","Unsorted","1970s","","Unsorted/","0.0","unsorted_no_match"
"Zirneklis.1992.1080p.BluRay.x264.AAC-[YTS.MX].mp4","Zirneklis","1992","Vasili Mass","","LV","","Unsorted","1990s","","Unsorted/","0.0","unsorted_no_match"
"Stephen Sayadian - 1982 - Café Flesh [dual inglés+comments].mkv","Stephen Sayadian - - Café Flesh [dual inglés+comments]","1982","","","","","Unsorted","1980s","","Unsorted/","0.0","unsorted_no_director"
"Stolen.Kisses.1968.(F.Truffaut).1080p.BRRip.x264-Classics.mkv","Stolen Kisses (F Truffaut)","1968","","","","","Unsorted","1960s","","Unsorted/","0.0","unsorted_no_director"
"Theatrical trailer (English) - Strip Nude for Your Killer.mkv","Theatrical trailer (English) - Strip Nude for Your Killer","","","","","","Unsorted","","","Unsorted/","0.0","unsorted_no_year"
"Theatrical trailer (Italian) - Strip Nude for Your Killer.mkv","Theatrical trailer (Italian) - Strip Nude for Your Killer","","","it","IT","","Unsorted","","","Unsorted/","0.0","unsorted_no_year"
"Surviving Desire.mkv","Surviving Desire","","","","","","Unsorted","","","Unsorted/","0.0","unsorted_no_year"
"Star Wars Episode IV A New Hope 4K77 v1.4 No DNR.mkv","Star Wars Episode IV A New Hope","","","","","","Unsorted","","","Unsorted/","0.0","unsorted_no_year"
"Star Wars Episode VI Return of the Jedi 4K83 v1.3 DNR.mkv","Star Wars Episode VI Return of the Jedi","","","","","","Unsorted","","","Unsorted/","0.0","unsorted_no_year"
"Empire Strikes Back 4K80 Beta5.mkv","Empire Strikes Back","","","","","","Unsorted","","","Unsorted/","0.0","unsorted_no_year"
"Tavaszi zápor (Fejős Pál, 1932).mp4","Tavaszi zápor","1932","Fejős Pál","","","","Unsorted","1930s","","Unsorted/","0.0","unsorted_no_match"
"Teenage.Gang.Debs.1966.576p.BluRay.x264.AAC-PLAINVIEW.mkv","Teenage Gang Debs 576p","1966","Sande N. Johnsen","","US","","Unsorted","1960s","","Unsorted/","0.0","unsorted_no_match"
"Terminal.City.Ricochet.1990.REPACK.DVDRip.x264-HANDJOB.mkv","Terminal City Ricochet","1990","Zale Dalen","","CA","","Unsorted","1990s","","Unsorted/","0.0","unsorted_no_match"
"The Accused (William Dieterle, 1949).mp4","The Accused","1949","William Dieterle","","US","","Unsorted","1940s","","Unsorted/","0.0","unsorted_no_match"
"The Adventures of Huckleberry Finn.1973.mkv","The Adventures of Huckleberry Finn 1973","","","","","","Unsorted","","","Unsorted/","0.0","unsorted_no_year"
"The Big Heat åŸŽå¸‚ç‰¹è­¦.mkv","The Big Heat åŸŽå¸‚ç‰¹è­¦","","","","","","Unsorted","","","Unsorted/","0.0","unsorted_no_year"
"The Big Operator.1959.576p.BDRip-AVC.ZONE.mkv","The Big Operator 576p","1959","Charles F. Haas","","US","","Unsorted","1950s","","Unsorted/","0.0","unsorted_no_match"
"The Big Town.mkv","The Big Town","","","","","","Unsorted","","","Unsorted/","0.0","unsorted_no_year"
"Aozora.Musume.AKA.The.Blue.Sky.Maiden.1957.JAPANESE.1080p.H.264.AAC-ACV.mkv","Aozora Musume AKA The Blue Sky Maiden JAPANESE","1957","","ja","JP","","Unsorted","1950s","","Unsorted/","0.0","unsorted_no_director"
"The Brain from Planet Arous (Nathan Hertz, 1957).mp4","The Brain from Planet Arous","1957","Nathan Hertz","","US","","Unsorted","1950s","","Unsorted/","0.0","unsorted_no_match"
"The Company of Wolves [465162].mp4","The Company of Wolves [465162]","","","","","","Unsorted","","","Unsorted/","0.0","unsorted_no_year"
"The Curse of the Cat People (Gunther von Fritsch & Robert Wise, 1944).mkv","The Curse of the Cat People","1944","Gunther von Fritsch & Robert Wise","","US","","Unsorted","1940s","","Unsorted/","0.0","unsorted_no_match"
"The.Exiles.1961.Milestone.1080p.BluRay.x265.HEVC.FLAC-SARTRE.mkv","The Exiles Milestone","1961","","","","","Unsorted","1960s","","Unsorted/","0.0","unsorted_no_director"
"The Game They Called Sex LDRip.mkv","The Game They Called Sex LDRip","","","","","","Unsorted","","","Unsorted/","0.0","unsorted_no_year"
"The.Girl.Who.Leapt.Through.Time.2006.1080p.BluRay.x264.AAC5.1-[YTS.MX].mp4","The Girl Who Leapt Through Time","2006","Mamoru Hosoda","","JP","","Satellite","2000s","Indie Cinema","Satellite/Indie Cinema/2000s/","0.7","tmdb_satellite"
"The Grapes of Death.mkv","The Grapes of Death","","","","","","Unsorted","","","Unsorted/","0.0","unsorted_no_year"
"The Hidden Fortress.mkv","The Hidden Fortress","","","","","","Unsorted","","","Unsorted/","0.0","unsorted_no_year"
"The Incredible Melting Man.1977.576p.BDRip-AVC.ZONE.mkv","The Incredible Melting Man 576p","1977","William Sachs","","US","","Unsorted","1970s","","Unsorted/","0.0","unsorted_no_match"
"The Iron Rose.mkv","The Iron Rose","","","","","","Unsorted","","","Unsorted/","0.0","unsorted_no_year"
"The Long Goodbye 1973 Blu-ray 1080p x264 multisub-HighCode.mkv","The Long Goodbye Blu-ray","1973","","","","","Unsorted","1970s","","Unsorted/","0.0","unsorted_no_director"
"The Man Who Knew Too Much.mkv","The Man Who Knew Too Much","","","","","","Unsorted","","","Unsorted/","0.0","unsorted_no_year"
"The.Scenic.Route.1978.1080p.WEBRip.x264.AAC-[YTS.MX].mp4","The Scenic Route","1978","Mark Rappaport","","US","","Unsorted","1970s","","Unsorted/","0.0","unsorted_no_match"
"The Shape of Night.mp4","The Shape of Night","","","","","","Unsorted","","","Unsorted/","0.0","unsorted_no_year"
"The.Skeleton.Of.Mrs.Morales.1960.SPANISH.1080p.BluRay.x265-VXT.mp4","The Skeleton Of Mrs Morales SPANISH","1960","Rogelio A. González","es","ES","","Unsorted","1960s","","Unsorted/","0.0","unsorted_no_match"
"La.valigia.dei.sogni.1953.1080p.WEB-DL.AAC2.0.x264-KG.mkv","La valigia dei sogni","1953","Luigi Comencini","","IT","","Unsorted","1950s","","Unsorted/","0.0","unsorted_no_match"
"The.Train.1964.Arrow.1080p.BluRay.x265.HEVC.AAC-SARTRE.mkv","The Train Arrow","1964","","","","","Unsorted","1960s","","Unsorted/","0.0","unsorted_no_director"
"The Trouble With Harry.mkv","The Trouble With Harry","","","","","","Unsorted","","","Unsorted/","0.0","unsorted_no_year"
"The Unbelievable Truth.mkv","The Unbelievable Truth","","","","","","Unsorted","","","Unsorted/","0.0","unsorted_no_year"
"The Wrong Man.mkv","The Wrong Man","","","","","","Unsorted","","","Unsorted/","0.0","unsorted_no_year"
"The.Acid.Eaters1968.DVDRip.x264.mkv","The Acid Eaters1968","","","","","","Unsorted","","","Unsorted/","0.0","unsorted_no_year"
"The.Art.of.Seduction.2005.1080p.VIKI.WEB-DL.AAC2.0.H.264-DUSKLiGHT.mkv","The Art of Seduction","2005","Oh Ki-hwan","","KR","","Satellite","2000s","Indie Cinema","Satellite/Indie Cinema/2000s/","0.7","tmdb_satellite"
"The.Blackout.1997.DVD.mkv","The Blackout DVD","1997","","","","","Unsorted","1990s","","Unsorted/","0.0","unsorted_no_director"
"The.Hunger.1983.WCA.1080p.BluRay.x265.HEVC.AAC-SARTRE.mkv","The Hunger WCA","1983","","","","","Unsorted","1980s","","Unsorted/","0.0","unsorted_no_director"
"The.Legend.of.Kaspar.Hauser.2012.1080p.BluRay.x264.mkv","The Legend of Kaspar Hauser","2012","Davide Manuli","","IT","","Unsorted","2010s","","Unsorted/","0.0","unsorted_no_match"
"The.Outlaw.1943.1080p.BluRay.x264-[YTS.AM].mp4","The Outlaw","1943","Howard Hughes","","US","","Unsorted","1940s","","Unsorted/","0.0","unsorted_no_match"
"The.Rolling.Stones.Rock.And.Roll.Circus.1996.WS.1080p.MBluRay.x264-TREBLE.mkv","The Rolling Stones Rock And Roll Circus WS","1996","","","","","Unsorted","1990s","","Unsorted/","0.0","unsorted_no_director"
"The.Rose.Seller.1998.1080p.AMZN.WEB-DL.DDP.2.0.H.264-MiON.mkv","The Rose Seller","1998","Víctor Gaviria","","CO","","Unsorted","1990s","","Unsorted/","0.0","unsorted_no_match"
"The.Tall.Men.1955.1080p.BluRay.x264.AAC5.1-[YTS.MX].mp4","The Tall Men","1955","Raoul Walsh","","US","","Unsorted","1950s","","Unsorted/","0.0","unsorted_no_match"
"The.Violent.Years.1956.576p.BluRay.x264.AAC-PLAINVIEW.mkv","The Violent Years 576p","1956","William Morgan","","US","","Unsorted","1950s","","Unsorted/","0.0","unsorted_no_match"
"The.Vortex.of.Love.2013.1080p.BluRay.x264.DTS-WiKi.mkv","The Vortex of Love","2013","Hitoshi One","","JP","","Satellite","2010s","Indie Cinema","Satellite/Indie Cinema/2010s/","0.7","tmdb_satellite"
"The.Young.Girls.of.Rochefort.1967.mkv","The Young Girls of Rochefort 1967","","","","","","Unsorted","","","Unsorted/","0.0","unsorted_no_year"
"The Making of The First U.S. Visit.mkv","The Making of The First U S Visit","","","","","","Unsorted","","","Unsorted/","0.0","unsorted_no_year"
"They Shoot Horses, Don't They (1969) [BD 1080p x265 10bit] (RARBG).mkv","They Shoot Horses, Don't They [BD","1969","","","","","Unsorted","1960s","","Unsorted/","0.0","unsorted_no_director"
"Toda Nudez Será Castigada [Arnaldo Jabor] (1973).720p.mp4","Toda Nudez Será Castigada [Arnaldo Jabor]","1973","","","","","Unsorted","1970s","","Unsorted/","0.0","unsorted_no_director"
"Too.Late.for.Tears.1949.1080p.BluRay.x264-PSYCHD.mkv","Too Late for Tears","1949","Byron Haskin","","US","","Unsorted","1940s","","Unsorted/","0.0","unsorted_no_match"
"Trapeze.1956.1080p.BluRay.x264-[YTS.LT].mp4","Trapeze","1956","Carol Reed","","US","","Unsorted","1950s","","Unsorted/","0.0","unsorted_no_match"
"Trespassers.2024.1080p.NF.WEB-DL.DDP2.0.H.264-MrHulk.mkv","Trespassers","2024","Itaru Mizuno","","JP","","Satellite","2020s","Indie Cinema","Satellite/Indie Cinema/2020s/","0.7","tmdb_satellite"
"Triumph Over Violence.Mikhail Romm.1965.WEB-DL.mkv","Triumph Over Violence Mikhail Romm","1965","","","","","Unsorted","1960s","","Unsorted/","0.0","unsorted_no_director"
"Trust.mkv","Trust","","","","","","Unsorted","","","Unsorted/","0.0","unsorted_no_year"
"Twilights.Last.Gleaming.1977.1080p.BluRay.x265-RARBG.mp4","Twilights Last Gleaming","1977","Robert Aldrich","","US","","Unsorted","1970s","","Unsorted/","0.0","unsorted_no_match"
"Ulzanas.Raid.1972.1080p.BluRay.x265-RARBG.mp4","Ulzanas Raid","1972","Robert Aldrich","","US","","Unsorted","1970s","","Unsorted/","0.0","unsorted_no_match"
"Une.femme.mariee.AKA.A.Married.Woman.1964.720p.BluRay.x264.FLAC.2.0-dps.mkv","Une femme mariee AKA A Married Woman","1964","","","","","Unsorted","1960s","","Unsorted/","0.0","unsorted_no_director"
"une.fille.pour.l'ete-KG.mkv","une fille pour l'ete-KG","","","","","","Unsorted","","","Unsorted/","0.0","unsorted_no_year"
"Va Savoir DC.mkv","Va Savoir DC","","","","","","Unsorted","","","Unsorted/","0.0","unsorted_no_year"
"Vampyros.Lesbos.1971.1080p.BluRay.x265.hevc.10bit.AAC.2.0-HeVK.mkv","Vampyros Lesbos","1971","Jesús Franco","","DE","","Unsorted","1970s","","Unsorted/","0.0","unsorted_no_match"
"Vendredi.Soir.2002.PAL.DVDRip.AC3.x264-trand.mkv","Vendredi Soir PAL","2002","","","","","Unsorted","2000s","","Unsorted/","0.0","unsorted_no_director"
"Verão Fantasma 2022 1080p WEB-DL NACIONAL.mkv","Verão Fantasma","2022","","","","","Unsorted","2020s","","Unsorted/","0.0","unsorted_no_director"
"Videodrome.1983.PROPER.1080p.BluRay.x264-SADPANDA.mkv","Videodrome PROPER","1983","","","","","Unsorted","1980s","","Unsorted/","0.0","unsorted_no_director"
"Vidhyarthigale.Ithile.Ithile.1972.1080p.WEBRip.AAC2.0.x264.mkv","Vidhyarthigale Ithile Ithile","1972","","","","","Unsorted","1970s","","Unsorted/","0.0","unsorted_no_director"
"Wacko.mkv","Wacko","","","","","","Unsorted","","","Unsorted/","0.0","unsorted_no_year"
"Wake.in.Fright.1971.1080p.BluRay.FLAC2.0.x264-RO.mkv","Wake in Fright","1971","Ted Kotcheff","","AU","","Satellite","1970s","Indie Cinema","Satellite/Indie Cinema/1970s/","0.7","tmdb_satellite"
"Werewolf Bitches From Outer Space (2016).mkv","Werewolf Bitches From Outer Space","2016","","","","","Unsorted","2010s","","Unsorted/","0.0","unsorted_no_director"
"Who Fears the Devil_ (1972) 1080p h265 with optional audio commentray {imdb-tt0070295}.mkv","Who Fears the Devil","1972","","","","","Unsorted","1970s","","Unsorted/","0.0","unsorted_no_director"
"Women å¥³äººå¿ƒ 1985.mkv","Women å¥³äººå¿ƒ","1985","","","","","Unsorted","1980s","","Unsorted/","0.0","unsorted_no_director"
"Yasuzō Masumura - Vixen [1969].mkv","Yasuzō Masumura - Vixen","1969","","","","","Unsorted","1960s","","Unsorted/","0.0","unsorted_no_director"
"Yojimbo.mkv","Yojimbo","","","","","","Unsorted","","","Unsorted/","0.0","unsorted_no_year"
"Yoru.ga.mata.kuru.AKA.Alone.in.the.Night.1994.1080p.BluRay.FLAC.x264-HANDJOB.mkv","Yoru ga mata kuru AKA Alone in the Night","1994","","","","","Unsorted","1990s","","Unsorted/","0.0","unsorted_no_director"
"Zanjeer.mkv","Zanjeer","","","","","","Unsorted","","","Unsorted/","0.0","unsorted_no_year"
"Zombi 35mm scan.mkv","Zombi 35mm","","","","","","Unsorted","","","Unsorted/","0.0","unsorted_no_year"
"Your.Vice.Is.a.Locked.Room.and.Only.I.Have.the.Key.1972.mp4","Your Vice Is a Locked Room and Only I Have the Key 1972","","","","","","Unsorted","","","Unsorted/","0.0","unsorted_no_year"
"Xiao hai 1991 NTSC DVD DD2.0 x264-Mdr.mkv","Xiao hai NTSC DVD DD2 0","1991","","","","","Unsorted","1990s","","Unsorted/","0.0","unsorted_no_director"
"Abismos de Pasión - 1953(SD).mp4","Abismos de Pasión - 1953(SD)","","","","","","Unsorted","","","Unsorted/","0.0","unsorted_no_year"
"Wuthering.Heights.AKA.Arashi.Ga.Oka.1988.1080p.WEB-DL.mkv","Wuthering Heights AKA Arashi Ga Oka","1988","","","","","Unsorted","1980s","","Unsorted/","0.0","unsorted_no_director"
"Wuthering.Heights.1939.(William.Wyler).1080p.x264-Classics.mkv","Wuthering Heights (William Wyler)","1939","","","","","Unsorted","1930s","","Unsorted/","0.0","unsorted_no_director"
"When.The.Cat.Comes.1963.1080p.BluRay.x264.AAC5.1-[YTS.MX].mp4","When The Cat Comes","1963","Vojtěch Jasný","","XC","","Unsorted","1960s","","Unsorted/","0.0","unsorted_no_match"
"War.and.Peace.Part.2.Natasha.Rostova WEB-DL 1080p.mkv","War and Peace Part 2 Natasha Rostova","","","","","","Unsorted","","","Unsorted/","0.0","unsorted_no_year"
"War.and.Peace.Part.1.Andrey.Bolkonsky WEB-DL 1080p.mkv","War and Peace Part 1 Andrey Bolkonsky","","","","","","Unsorted","","","Unsorted/","0.0","unsorted_no_year"
"War.and.Peace.Part.3.1812 WEB-DL 1080p.mkv","War and Peace Part 3 1812","","","","","","Unsorted","","","Unsorted/","0.0","unsorted_no_year"
"War.and.Peace.Part.4.Pierre.Bezoukhov WEB-DL 1080p.mkv","War and Peace Part 4 Pierre Bezoukhov","","","","","","Unsorted","","","Unsorted/","0.0","unsorted_no_year"
"Punk.Samurai.Slash.Down.2018.JAPANESE.1080p.BluRay.x265-VXT.mp4","Punk Samurai Slash Down JAPANESE","2018","Gakuryû Ishii","ja","JP","","Unsorted","2010s","","Unsorted/","0.0","unsorted_no_match"
"Interview With Damien Thomas, Conducted On Stage By Wayne Kinsey.mkv","Interview With Damien Thomas, Conducted On Stage By Wayne Kinsey","","","","","","Unsorted","","","Unsorted/","0.0","unsorted_no_year"
"Deleted Scene.mkv","Deleted Scene","","","","","","Unsorted","","","Unsorted/","0.0","unsorted_no_year"
"Interview With Director John Hough, Conducted By Marcus Hearn In 2013.mkv","Interview With Director John Hough, Conducted By Marcus Hearn In","2013","","","","","Unsorted","2010s","","Unsorted/","0.0","unsorted_no_director"
"Super-8 Version.mkv","Super-8 Version","","","","","","Unsorted","","","Unsorted/","0.0","unsorted_no_year"
"The Props That Hammer Built The Kinsey Collection Featurette (2012).mkv","The Props That Hammer Built The Kinsey Collection Featurette","2012","","","","","Unsorted","2010s","","Unsorted/","0.0","unsorted_no_director"
"The Flesh And The Fury X-posing Twins of Evil (directors cut)  Exploring Hammers Karnstein Trilogy.mkv","The Flesh And The Fury X-posing Twins of Evil (directors cut)  Exploring Hammers Karnstein Trilogy","","","","","","Unsorted","","","Unsorted/","0.0","unsorted_no_year"
"Satanic Decadence & The Legacy Of Sheridan Le Fanu In Hammers Twins of Evil  A Visual Essay by Kat Ellinger.mkv","Satanic Decadence & The Legacy Of Sheridan Le Fanu In Hammers Twins of Evil  A Visual Essay by Kat Ellinger","","","","","","Unsorted","","","Unsorted/","0.0","unsorted_no_year"
"Turtles.Swim.Faster.Than.Expected.2005.1080p.NF.WEB-DL.DDP2.0.x264-ker4mat.mkv","Turtles Swim Faster Than Expected","2005","Satoshi Miki","","JP","","Unsorted","2000s","","Unsorted/","0.0","unsorted_no_match"
"Cidade.Oculta.MemoriadaTV.720p.mkv","Cidade Oculta MemoriadaTV","","","","","","Unsorted","","","Unsorted/","0.0","unsorted_no_year"
"Vampire Lovers, The (1970) 1080p h265 with 4 optional audio commentaries {imdb-tt0066518}.mkv","Vampire Lovers, The","1970","Roy Ward Baker","","GB","","Unsorted","1970s","","Unsorted/","0.0","unsorted_no_match"
"Trailer - The Vampire Lovers.mkv","Trailer - The Vampire Lovers","","","","","","Unsorted","","","Unsorted/","0.0","unsorted_no_year"
"Radio spots - The Vampire Lovers.mkv","Radio spots - The Vampire Lovers","","","","","","Unsorted","","","Unsorted/","0.0","unsorted_no_year"
"Trailers From Hell - The Vampire Lovers.mkv","Trailers From Hell - The Vampire Lovers","","","","","","Unsorted","","","Unsorted/","0.0","unsorted_no_year"
"Feminine Fantastique - Resurrecting The Vampire Lovers.mkv","Feminine Fantastique - Resurrecting The Vampire Lovers","","","","","","Unsorted","","","Unsorted/","0.0","unsorted_no_year"
"Carnal Crimson Kim Newman on the Carmilla Legend - The Vampire Lovers.mkv","Carnal Crimson Kim Newman on the Carmilla Legend - The Vampire Lovers","","","","","","Unsorted","","","Unsorted/","0.0","unsorted_no_year"
"To Love a Vampire - The Vampire Lovers.mkv","To Love a Vampire - The Vampire Lovers","","","","","","Unsorted","","","Unsorted/","0.0","unsorted_no_year"
"Excerpts from Carmilla read by Ingrid Pitt - Vampire Lovers.mkv","Excerpts from Carmilla read by Ingrid Pitt - Vampire Lovers","","","","","","Unsorted","","","Unsorted/","0.0","unsorted_no_year"
"Madeline Smith, Vampire Lover - Vampire Lovers.mkv","Madeline Smith, Vampire Lover - Vampire Lovers","","","","","","Unsorted","","","Unsorted/","0.0","unsorted_no_year"
"New Blood Hammer Enters the 70s - The Vampire Lovers.mkv","New Blood Hammer Enters the 70s - The Vampire Lovers","","","","","","Unsorted","","","Unsorted/","0.0","unsorted_no_year"
"Fangs for the Memories Remembering The Vampire Lovers.mkv","Fangs for the Memories Remembering The Vampire Lovers","","","","","","Unsorted","","","Unsorted/","0.0","unsorted_no_year"
"Extended scene - The Vampire Lovers.mkv","Extended scene - The Vampire Lovers","","","","","","Unsorted","","","Unsorted/","0.0","unsorted_no_year"
"Trailer.mkv","Trailer","","","","","","Unsorted","","","Unsorted/","0.0","unsorted_no_year"
"Restoration Demonstration.mkv","Restoration Demonstration","","","","","","Unsorted","","","Unsorted/","0.0","unsorted_no_year"
"The.Good.the.Bad.the.Weird.2008.KOREAN.1080p.BluRay.x264.DD5.1-FGT.mkv","The Good the Bad the Weird KOREAN","2008","","ko","KR","","Unsorted","2000s","","Unsorted/","0.0","unsorted_no_director"
"The.Equation.of.Love.and.Death.2008.1080P.mkv","The Equation of Love and Death","2008","Cao Baoping","","CN","","Satellite","2000s","Indie Cinema","Satellite/Indie Cinema/2000s/","0.7","tmdb_satellite"
"Portrait of Sergei Urusevsky.mkv","Portrait of Sergei Urusevsky","","","","","","Unsorted","","","Unsorted/","0.0","unsorted_no_year"
"The Road to Cannes.mkv","The Road to Cannes","","","","","","Unsorted","","","Unsorted/","0.0","unsorted_no_year"
"Hurricane Kalatozov.mkv","Hurricane Kalatozov","","","","","","Unsorted","","","Unsorted/","0.0","unsorted_no_year"
"Mikhail Kalatozov.mkv","Mikhail Kalatozov","","","","","","Unsorted","","","Unsorted/","0.0","unsorted_no_year"
"Ian Christie.mkv","Ian Christie","","","","","","Unsorted","","","Unsorted/","0.0","unsorted_no_year"
"Supervixens.1975.mkv","Supervixens 1975","","","","","","Unsorted","","","Unsorted/","0.0","unsorted_no_year"
"Strip-tease (1963) (Jacques Poitrenaud) 1080p Blu-ray h264 FR MrH.mkv","Strip-tease (Jacques Poitrenaud)","1963","","","","","Unsorted","1960s","","Unsorted/","0.0","unsorted_no_director"
"Sawako.Decides.2010.720p.HDRip.Japanese.SRT.Subs.x265.AAC-AOZ.mp4","Sawako Decides","2010","Yuya Ishii","ja","JP","","Satellite","2010s","Indie Cinema","Satellite/Indie Cinema/2010s/","0.7","tmdb_satellite"
"The.Masters.Of.Time.1982.1080p.BluRay.x264.AAC-[YTS.MX].mp4","The Masters Of Time","1982","René Laloux","","FR","","Unsorted","1980s","","Unsorted/","0.0","unsorted_no_match"
"Fantastic.Planet.1973.1080p.BluRay.x264-[YTS.AM].mp4","Fantastic Planet","1973","René Laloux","","XC","","Unsorted","1970s","","Unsorted/","0.0","unsorted_no_match"
"Remembering and Restoring a Hitchcock Classic.mkv","Remembering and Restoring a Hitchcock Classic","","","","","","Unsorted","","","Unsorted/","0.0","unsorted_no_year"
"The Sound of Hitchcock.mkv","The Sound of Hitchcock","","","","","","Unsorted","","","Unsorted/","0.0","unsorted_no_year"
"Masters of Cinema.mkv","Masters of Cinema","","","","","","Unsorted","","","Unsorted/","0.0","unsorted_no_year"
"Production Photographs.mkv","Production Photographs","","","","","","Unsorted","","","Unsorted/","0.0","unsorted_no_year"
"A Conversation with Screenwriter John Michael Hayes.mkv","A Conversation with Screenwriter John Michael Hayes","","","","","","Unsorted","","","Unsorted/","0.0","unsorted_no_year"
"Hitchcock-Truffaut Interview Excerpts.mkv","Hitchcock-Truffaut Interview Excerpts","","","","","","Unsorted","","","Unsorted/","0.0","unsorted_no_year"
"Trailer_1.mkv","Trailer 1","","","","","","Unsorted","","","Unsorted/","0.0","unsorted_no_year"
"Through the Eyes of Hitchcock.mkv","Through the Eyes of Hitchcock","","","","","","Unsorted","","","Unsorted/","0.0","unsorted_no_year"
"Plein.soleil.1960.FRENCH.VFF.1080p.BLURAY.x264-BzH29.mkv","Plein soleil FRENCH VFF","1960","","fr","FR","","Unsorted","1960s","","Unsorted/","0.0","unsorted_no_director"
"Beyond Playtime.mkv","Beyond Playtime","","","","","","Unsorted","","","Unsorted/","0.0","unsorted_no_year"
"Cours du soir (1967).mkv","Cours du soir","1967","Nicolas Ribowski","","FR","","Unsorted","1960s","","Unsorted/","0.0","unsorted_no_match"
"Selected Scene Commentary by Jerome Deschamps.mkv","Selected Scene Commentary by Jerome Deschamps","","","","","","Unsorted","","","Unsorted/","0.0","unsorted_no_year"
"Selected Scene Commentary by Stephane Goudet.mkv","Selected Scene Commentary by Stephane Goudet","","","","","","Unsorted","","","Unsorted/","0.0","unsorted_no_year"
"Jacques Tati in Monsieur Hulots Work (1976).mkv","Jacques Tati in Monsieur Hulots Work","1976","","","","","Unsorted","1970s","","Unsorted/","0.0","unsorted_no_director"
"Tativille.mkv","Tativille","","","","","","Unsorted","","","Unsorted/","0.0","unsorted_no_year"
"Selected Scene Commentary by Philip Kent.mkv","Selected Scene Commentary by Philip Kent","","","","","","Unsorted","","","Unsorted/","0.0","unsorted_no_year"
"Introduction by Terry Jones.mkv","Introduction by Terry Jones","","","","","","Unsorted","","","Unsorted/","0.0","unsorted_no_year"
"Script supervisor Sylvette Baudrot.mkv","Script supervisor Sylvette Baudrot","","","","","","Unsorted","","","Unsorted/","0.0","unsorted_no_year"
"Like Home.mkv","Like Home","","","","","","Unsorted","","","Unsorted/","0.0","unsorted_no_year"
"RiffTrax - s01e052 - Plan 9 From Outer Space (Three Riffer Edition).mkv","RiffTrax - s01e052 - Plan 9 From Outer Space (Three Riffer Edition)","","","","","","Unsorted","","","Unsorted/","0.0","unsorted_no_year"
"Trailers From Hell - Dana Gould on PLAN 9 FROM OUTER SPACE.mkv","Trailers From Hell - Dana Gould on PLAN 9 FROM OUTER SPACE","","","","","","Unsorted","","","Unsorted/","0.0","unsorted_no_year"
"Flying Saucers Over Hollywood - The Plan 9 Companion.mp4","Flying Saucers Over Hollywood - The Plan 9 Companion","","","","","","Unsorted","","","Unsorted/","0.0","unsorted_no_year"
"Plan 9 From Outer Space (1958) Movie Trailer.mkv","Plan 9 From Outer Space Movie Trailer","1958","","","","","Unsorted","1950s","","Unsorted/","0.0","unsorted_no_director"
"Haunted World of Edward D Wood Jr, The (1955) 480p h264 {imdb-tt0113270}.mp4","Haunted World of Edward D Wood Jr, The 480p","1955","","","","","Unsorted","1950s","","Unsorted/","0.0","unsorted_no_director"
"The Incredibly Strange Film Show - Ed Wood.mp4","The Incredibly Strange Film Show - Ed Wood","","","","","","Unsorted","","","Unsorted/","0.0","unsorted_no_year"
"Ophelia—The Cat Lady (Tom Chomont, 1969).mkv","Ophelia—The Cat Lady","1969","Tom Chomont","","","","Unsorted","1960s","","Unsorted/","0.0","unsorted_no_match"
"Trailer - One-Eyed Jacks.mkv","Trailer - One-Eyed Jacks","","","","","","Unsorted","","","Unsorted/","0.0","unsorted_no_year"
"Conversations with Marlon Brando - One-Eyed Jacks.mkv","Conversations with Marlon Brando - One-Eyed Jacks","","","","","","Unsorted","","","Unsorted/","0.0","unsorted_no_year"
"I Ain't Hung Yet - The Style and Structure of One-Eyed Jacks.mkv","I Ain't Hung Yet - The Style and Structure of One-Eyed Jacks","","","","","","Unsorted","","","Unsorted/","0.0","unsorted_no_year"
"A Million Feet of Film - The Making of One-Eyed Jacks.mkv","A Million Feet of Film - The Making of One-Eyed Jacks","","","","","","Unsorted","","","Unsorted/","0.0","unsorted_no_year"
"Introduction by Martin Scorsese - One-Eyed Jacks.mkv","Introduction by Martin Scorsese - One-Eyed Jacks","","","","","","Unsorted","","","Unsorted/","0.0","unsorted_no_year"
"Sisters of Vice and Virtue - The Marquis de Sade and Nunsploitation.mkv","Sisters of Vice and Virtue - The Marquis de Sade and Nunsploitation","","","","","","Unsorted","","","Unsorted/","0.0","unsorted_no_year"
"Restoration notes (Extended Italian Cut) - Cristiana Devil Nun.mkv","Restoration notes (Extended Italian Cut) - Cristiana Devil Nun","","","it","IT","","Unsorted","","","Unsorted/","0.0","unsorted_no_year"
"Deleted footage with audio commentary - Images of a Convent.mkv","Deleted footage with audio commentary - Images of a Convent","","","","","","Unsorted","","","Unsorted/","0.0","unsorted_no_year"
"Trailer - Story a Cloistered Nun.mkv","Trailer - Story a Cloistered Nun","","","","","","Unsorted","","","Unsorted/","0.0","unsorted_no_year"
"A Nun's Story - Interview with actress Eleonora Giorgi.mkv","A Nun's Story - Interview with actress Eleonora Giorgi","","","","","","Unsorted","","","Unsorted/","0.0","unsorted_no_year"
"Down the Well - Interview with actress Martine Brochard.mkv","Down the Well - Interview with actress Martine Brochard","","","","","","Unsorted","","","Unsorted/","0.0","unsorted_no_year"
"Within a Cloister - Interview with camera operator Daniele Nannuzzi.mkv","Within a Cloister - Interview with camera operator Daniele Nannuzzi","","","","","","Unsorted","","","Unsorted/","0.0","unsorted_no_year"
"Sister Zore - Interview with actress Zora Kerova.mkv","Sister Zore - Interview with actress Zora Kerova","","","","","","Unsorted","","","Unsorted/","0.0","unsorted_no_year"
"The Cross and the Sin - Interview with screenwriter Claudio Fragasso.mkv","The Cross and the Sin - Interview with screenwriter Claudio Fragasso","","","","","","Unsorted","","","Unsorted/","0.0","unsorted_no_year"
"1980 Nárcisz és Psyché iii.mkv","1980 Nárcisz és Psyché iii","","","","","","Unsorted","","","Unsorted/","0.0","unsorted_no_year"
"1980 Nárcisz és Psyché ii.mkv","1980 Nárcisz és Psyché ii","","","","","","Unsorted","","","Unsorted/","0.0","unsorted_no_year"
"Narcissus.And.Psyche.1980.1080p.BluRay.x264-[YTS.AM].mp4","Narcissus And Psyche","1980","Gábor Bódy","","HU","","Satellite","1980s","Indie Cinema","Satellite/Indie Cinema/1980s/","0.7","tmdb_satellite"
"1980 Nárcisz és Psyché i.mkv","1980 Nárcisz és Psyché i","","","","","","Unsorted","","","Unsorted/","0.0","unsorted_no_year"
"A Place in the Sun (George Stevens, 1951).mp4","A Place in the Sun","1951","George Stevens","","US","","Unsorted","1950s","","Unsorted/","0.0","unsorted_no_match"
"Video Essay - Adam Holender.mkv","Video Essay - Adam Holender","","","","","","Unsorted","","","Unsorted/","0.0","unsorted_no_year"
"Jon Voight - Screen Tests.mkv","Jon Voight - Screen Tests","","","","","","Unsorted","","","Unsorted/","0.0","unsorted_no_year"
"Waldo Salt - A Screenwriter's Journey.mkv","Waldo Salt - A Screenwriter's Journey","","","","","","Unsorted","","","Unsorted/","0.0","unsorted_no_year"
"Gallery.mkv","Gallery","","","","","","Unsorted","","","Unsorted/","0.0","unsorted_no_year"
"Controversy and Acclaim.mkv","Controversy and Acclaim","","","","","","Unsorted","","","Unsorted/","0.0","unsorted_no_year"
"The Crowd Around the Cowboy.mkv","The Crowd Around the Cowboy","","","","","","Unsorted","","","Unsorted/","0.0","unsorted_no_year"
"John Schlesinger - 2000 BAFTA Interview.mkv","John Schlesinger - BAFTA Interview","2000","","","","","Unsorted","2000s","","Unsorted/","0.0","unsorted_no_director"
"Jon Voight - The David Frost Show.mkv","Jon Voight - The David Frost Show","","","","","","Unsorted","","","Unsorted/","0.0","unsorted_no_year"
"Trailer_2.mkv","Trailer 2","","","","","","Unsorted","","","Unsorted/","0.0","unsorted_no_year"
"After Midnight - Reflections on the Classic.mkv","After Midnight - Reflections on the Classic","","","","","","Unsorted","","","Unsorted/","0.0","unsorted_no_year"
"John Schlesinger - 2002 BAFTA Tribute.mkv","John Schlesinger - BAFTA Tribute","2002","","","","","Unsorted","2000s","","Unsorted/","0.0","unsorted_no_director"
"Princess Yang Kwei Fei (Kenji Mizoguchi, 1955).mkv","Princess Yang Kwei Fei","1955","Kenji Mizoguchi","","HK","","Unsorted","1950s","","Unsorted/","0.0","unsorted_no_match"
"Blue.Velvet.1986.mp4","Blue Velvet 1986","","","","","","Unsorted","","","Unsorted/","0.0","unsorted_no_year"
"Original.Behind.the.Scenes.Footage-Grym.mkv","Original Behind the Scenes Footage-Grym","","","","","","Unsorted","","","Unsorted/","0.0","unsorted_no_year"
"Deleted.Scenes-Grym.mkv","Deleted Scenes-Grym","","","","","","Unsorted","","","Unsorted/","0.0","unsorted_no_year"
"A.Note.from.Clive.Barker-Grym.mkv","A Note from Clive Barker-Grym","","","","","","Unsorted","","","Unsorted/","0.0","unsorted_no_year"
"A.Gathering.of.Magic-Grym.mkv","A Gathering of Magic-Grym","","","","","","Unsorted","","","Unsorted/","0.0","unsorted_no_year"
"Drawing.Boards-Grym.mkv","Drawing Boards-Grym","","","","","","Unsorted","","","Unsorted/","0.0","unsorted_no_year"
"Photo.Gallery-Grym.mkv","Photo Gallery-Grym","","","","","","Unsorted","","","Unsorted/","0.0","unsorted_no_year"
"Melville on set (Le cercle rouge 70).mkv","Melville on set (Le cercle rouge 70)","","","","","","Unsorted","","","Unsorted/","0.0","unsorted_no_year"
"1970 Le cercle rouge trailer.mkv","1970 Le cercle rouge trailer","","","","","","Unsorted","","","Unsorted/","0.0","unsorted_no_year"
"Melville on set ii (Le cercle rouge 70).mkv","Melville on set ii (Le cercle rouge 70)","","","","","","Unsorted","","","Unsorted/","0.0","unsorted_no_year"
"Melville interview ii (Le cercle rouge 70).mkv","Melville interview ii (Le cercle rouge 70)","","","","","","Unsorted","","","Unsorted/","0.0","unsorted_no_year"
"Melville interview (Le cercle rouge 70).mkv","Melville interview (Le cercle rouge 70)","","","","","","Unsorted","","","Unsorted/","0.0","unsorted_no_year"
"Lady Vampire AKA Onna Kyuketsuki 1959 DVDrip x264.mp4","Lady Vampire AKA Onna Kyuketsuki","1959","","","","","Unsorted","1950s","","Unsorted/","0.0","unsorted_no_director"
"Laberinto.de.pasiones.1982.Pedro.Almodovar.1080p.WEBRip.AAC.x264.RIYE.mkv","Laberinto de pasiones Pedro Almodovar","1982","","","","","Unsorted","1980s","","Unsorted/","0.0","unsorted_no_director"
"Labyrinth.Of.Cinema.2019.1080p.BluRay.x264.AAC5.1-YTS.mp4","Labyrinth Of Cinema","2019","Nobuhiko Obayashi","","JP","","Unsorted","2010s","","Unsorted/","0.0","unsorted_no_match"
"Inauguration.of.the.Pleasure.Dome.1954.BDRip.1080p.x264.AC3.mkv","Inauguration of the Pleasure Dome","1954","Kenneth Anger","","US","","Unsorted","1950s","","Unsorted/","0.0","unsorted_no_match"
"Lucifer.Rising.1972.BDRip.1080p.x264.AC3.mkv","Lucifer Rising","1972","Kenneth Anger","","DE","","Unsorted","1970s","","Unsorted/","0.0","unsorted_no_match"
"Trailer - Jade.mkv","Trailer - Jade","","","","","","Unsorted","","","Unsorted/","0.0","unsorted_no_year"
"Restoration notes (theatrical cut) - Jade.mkv","Restoration notes (theatrical cut) - Jade","","","","","","Unsorted","","","Unsorted/","0.0","unsorted_no_year"
"Restoration notes (director's cut) - Jade.mkv","Restoration notes (director's cut) - Jade","","","","","","Unsorted","","","Unsorted/","0.0","unsorted_no_year"
"Extended cut - Jade.mkv","Extended cut - Jade","","","","","","Unsorted","","","Unsorted/","0.0","unsorted_no_year"
"William Friedkin on The Charlie Rose Show - Jade.mkv","William Friedkin on The Charlie Rose Show - Jade","","","","","","Unsorted","","","Unsorted/","0.0","unsorted_no_year"
"Hysterical Blindness William Friedkin at Paramount - Jade.mkv","Hysterical Blindness William Friedkin at Paramount - Jade","","","","","","Unsorted","","","Unsorted/","0.0","unsorted_no_year"
"Eszterhas, Friedkin, & Jade.mkv","Eszterhas, Friedkin, & Jade","","","","","","Unsorted","","","Unsorted/","0.0","unsorted_no_year"
"In.the.Heat.of.the.Sun.1994.REPACK.1080p.BluRay.x264-OFT.mkv","In the Heat of the Sun","1994","Jiang Wen","","CN","","Satellite","1990s","Indie Cinema","Satellite/Indie Cinema/1990s/","0.7","tmdb_satellite"
"Hardcore.2004..mkv","Hardcore","2004","Dennis Iliadis","","GR","","Unsorted","2000s","","Unsorted/","0.0","unsorted_no_match"
"Interview with actress Dominique Delpierre (2025).mkv","Interview with actress Dominique Delpierre","2025","","","","","Unsorted","2020s","","Unsorted/","0.0","unsorted_no_director"
"Interview with Bruno Gantillon (2004).mp4","Interview with Bruno Gantillon","2004","","","","","Unsorted","2000s","","Unsorted/","0.0","unsorted_no_director"
"Fallet S01E04.mp4","Fallet S01E04","","","","","","Unsorted","","","Unsorted/","0.0","unsorted_no_year"
"Fallet S01E05.mp4","Fallet S01E05","","","","","","Unsorted","","","Unsorted/","0.0","unsorted_no_year"
"Fallet S01E07.mp4","Fallet S01E07","","","","","","Unsorted","","","Unsorted/","0.0","unsorted_no_year"
"Fallet S01E06.mp4","Fallet S01E06","","","","","","Unsorted","","","Unsorted/","0.0","unsorted_no_year"
"Fallet S01E02.mp4","Fallet S01E02","","","","","","Unsorted","","","Unsorted/","0.0","unsorted_no_year"
"Fallet S01E03.mp4","Fallet S01E03","","","","","","Unsorted","","","Unsorted/","0.0","unsorted_no_year"
"Fallet S01E01.mp4","Fallet S01E01","","","","","","Unsorted","","","Unsorted/","0.0","unsorted_no_year"
"Fallet S01E08.mp4","Fallet S01E08","","","","","","Unsorted","","","Unsorted/","0.0","unsorted_no_year"
"Trailer - El Topo.mkv","Trailer - El Topo","","","","","","Unsorted","","","Unsorted/","0.0","unsorted_no_year"
"Jodorowsky Remembers El Topo.mkv","Jodorowsky Remembers El Topo","","","","","","Unsorted","","","Unsorted/","0.0","unsorted_no_year"
"An introduction to El Topo by Richard Peña.mkv","An introduction to El Topo by Richard Peña","","","","","","Unsorted","","","Unsorted/","0.0","unsorted_no_year"
"The Father of Midnight Movies with Alejandro Jodorowsky - El Topo.mkv","The Father of Midnight Movies with Alejandro Jodorowsky - El Topo","","","","","","Unsorted","","","Unsorted/","0.0","unsorted_no_year"
"Interview with Alejandro Jodorowsky's son, Brontis Jodorowsky - El Topo.mkv","Interview with Alejandro Jodorowsky's son, Brontis Jodorowsky - El Topo","","","","","","Unsorted","","","Unsorted/","0.0","unsorted_no_year"
"The Theremin.mkv","The Theremin","","","","","","Unsorted","","","Unsorted/","0.0","unsorted_no_year"
"Making Bela.mkv","Making Bela","","","","","","Unsorted","","","Unsorted/","0.0","unsorted_no_year"
"Deleted Scenes.mkv","Deleted Scenes","","","","","","Unsorted","","","Unsorted/","0.0","unsorted_no_year"
"Let's Shoot this F#%@r!.mkv","Let's Shoot this F#%@r!","","","","","","Unsorted","","","Unsorted/","0.0","unsorted_no_year"
"Pie Plates Over Hollywood.mkv","Pie Plates Over Hollywood","","","","","","Unsorted","","","Unsorted/","0.0","unsorted_no_year"
"Music Video.mkv","Music Video","","","","","","Unsorted","","","Unsorted/","0.0","unsorted_no_year"
"Señor Droopy (Tex Avery, 1949).mkv","Señor Droopy","1949","Tex Avery","","","","Unsorted","1940s","","Unsorted/","0.0","unsorted_no_match"
"Northwest Hounded Police (Tex Avery, 1946).mkv","Northwest Hounded Police","1946","Tex Avery","","US","","Unsorted","1940s","","Unsorted/","0.0","unsorted_no_match"
"Wild and Woolfy (Tex Avery, 1945).mkv","Wild and Woolfy","1945","Tex Avery","","US","","Unsorted","1940s","","Unsorted/","0.0","unsorted_no_match"
"Wags to Riches (Tex Avery, 1949).mkv","Wags to Riches","1949","Tex Avery","","US","","Unsorted","1940s","","Unsorted/","0.0","unsorted_no_match"
"Greener.Grass.2019.1080p.BluRay.x264.AAC5.1-[YTS.MX].mp4","Greener Grass","2019","Dawn Luebbe","","US","","Unsorted","2010s","","Unsorted/","0.0","unsorted_no_match"
"Strawberry.Mansion.2021.1080p.BluRay.x264.AAC5.1-[YTS.MX].mp4","Strawberry Mansion","2021","Kentucker Audley","","US","","Unsorted","2020s","","Unsorted/","0.0","unsorted_no_match"
"Problemista.2023.1080p.WEBRip.x264.AAC5.1-[YTS.MX].mp4","Problemista","2023","Julio Torres","","US","","Unsorted","2020s","","Unsorted/","0.0","unsorted_no_match"
"Cha.No.Aji.2004.1080p.BluRay.x264.AAC5.1-[YTS.MX].mp4","Cha No Aji","2004","Katsuhito Ishii","","JP","","Satellite","2000s","Indie Cinema","Satellite/Indie Cinema/2000s/","0.7","tmdb_satellite"
"No Fighting in the War Room.mkv","No Fighting in the War Room","","","","","","Unsorted","","","Unsorted/","0.0","unsorted_no_year"
"Best Sellers.mkv","Best Sellers","","","","","","Unsorted","","","Unsorted/","0.0","unsorted_no_year"
"Stanley Kubrick Considers the Bomb.mkv","Stanley Kubrick Considers the Bomb","","","","","","Unsorted","","","Unsorted/","0.0","unsorted_no_year"
"Interview - Joe Dunton and Kelvin Pike.mkv","Interview - Joe Dunton and Kelvin Pike","","","","","","Unsorted","","","Unsorted/","0.0","unsorted_no_year"
"Interview - Rodney Hill.mkv","Interview - Rodney Hill","","","","","","Unsorted","","","Unsorted/","0.0","unsorted_no_year"
"The Today Show Clips.mkv","The Today Show Clips","","","","","","Unsorted","","","Unsorted/","0.0","unsorted_no_year"
"Inside Dr. Strangelove.mkv","Inside Dr Strangelove","","","","","","Unsorted","","","Unsorted/","0.0","unsorted_no_year"
"Interview - Mick Broderick.mkv","Interview - Mick Broderick","","","","","","Unsorted","","","Unsorted/","0.0","unsorted_no_year"
"Split-Screen Interviews - Peter Sellers and George C. Scott.mkv","Split-Screen Interviews - Peter Sellers and George C Scott","","","","","","Unsorted","","","Unsorted/","0.0","unsorted_no_year"
"Trailer - Exhibitors.mkv","Trailer - Exhibitors","","","","","","Unsorted","","","Unsorted/","0.0","unsorted_no_year"
"Trailer - Theatrical.mkv","Trailer - Theatrical","","","","","","Unsorted","","","Unsorted/","0.0","unsorted_no_year"
"The Art of Stanley Kubrick.mkv","The Art of Stanley Kubrick","","","","","","Unsorted","","","Unsorted/","0.0","unsorted_no_year"
"Interview - David George.mkv","Interview - David George","","","","","","Unsorted","","","Unsorted/","0.0","unsorted_no_year"
"Interview - Richard Daniels.mkv","Interview - Richard Daniels","","","","","","Unsorted","","","Unsorted/","0.0","unsorted_no_year"
"Dead.Men.Dont.Wear.Plaid.1982.1080p.BluRay.DDP2.0.x265.10bit-GalaxyRG265.mkv","Dead Men Dont Wear Plaid","1982","Carl Reiner","","US","","Unsorted","1980s","","Unsorted/","0.0","unsorted_no_match"
"TV Spots.mkv","TV Spots","","","","","","Unsorted","","","Unsorted/","0.0","unsorted_no_year"
"Buttometer Preview.mkv","Buttometer","","","","","","Unsorted","","","Unsorted/","0.0","unsorted_no_year"
"Radio Spots.mkv","Radio Spots","","","","","","Unsorted","","","Unsorted/","0.0","unsorted_no_year"
"Trailer_3.mkv","Trailer 3","","","","","","Unsorted","","","Unsorted/","0.0","unsorted_no_year"
"dantes.inferno.1967.1080p.bluray.x264-ghouls.mkv","dantes i","1967","Ken Russell","","GB","","Satellite","1960s","Indie Cinema","Satellite/Indie Cinema/1960s/","0.7","tmdb_satellite"
"Daisies (1966).mp4","Daisies","1966","Věra Chytilová","","XC","","Unsorted","1960s","","Unsorted/","0.0","unsorted_no_match"
"Trailer_4.mkv","Trailer 4","","","","","","Unsorted","","","Unsorted/","0.0","unsorted_no_year"
"The Opening - The World Premiere of Citizen Kane.mkv","The Opening - The World Premiere of Citizen Kane","","","","","","Unsorted","","","Unsorted/","0.0","unsorted_no_year"
"Joseph Cotten's 1975 AFI speech for Orson Welles' Lifetime Achievement Award.mkv","Joseph Cotten's AFI speech for Orson Welles' Lifetime Achievement Award","1975","","","","","Unsorted","1970s","","Unsorted/","0.0","unsorted_no_director"
"Production.mkv","Production","","","","","","Unsorted","","","Unsorted/","0.0","unsorted_no_year"
"My Guest is Orson Welles.mkv","My Guest is Orson Welles","","","","","","Unsorted","","","Unsorted/","0.0","unsorted_no_year"
"Post Production.mkv","Post Production","","","","","","Unsorted","","","Unsorted/","0.0","unsorted_no_year"
"Interviews - Ruth Warrick and Robert Wise.mkv","Interviews - Ruth Warrick and Robert Wise","","","","","","Unsorted","","","Unsorted/","0.0","unsorted_no_year"
"Trailer_5.mkv","Trailer 5","","","","","","Unsorted","","","Unsorted/","0.0","unsorted_no_year"
"Interview - John Bailey.mkv","Interview - John Bailey","","","","","","Unsorted","","","Unsorted/","0.0","unsorted_no_year"
"cowry-bcrazy-rp.avi","cowry-bcrazy-rp","","","","","","Unsorted","","","Unsorted/","0.0","unsorted_no_year"
"Audio essay by author and critic Alexandra Heller-Nicholas.mkv","Audio essay by author and critic Alexandra Heller-Nicholas","","","","","","Unsorted","","","Unsorted/","0.0","unsorted_no_year"
"Odin.iz.tysyach.2010.DVDRip.XviD.BwTorrents.avi","Odin iz tysyach","2010","","","","","Unsorted","2010s","","Unsorted/","0.0","unsorted_no_director"
"Censorship and Desire.mkv","Censorship and Desire","","","","","","Unsorted","","","Unsorted/","0.0","unsorted_no_year"
"North and the Music of the South.mkv","North and the Music of the South","","","","","","Unsorted","","","Unsorted/","0.0","unsorted_no_year"
"Audio Outtakes.mkv","Audio Outtakes","","","","","","Unsorted","","","Unsorted/","0.0","unsorted_no_year"
"A Streetcar in Hollywood.mkv","A Streetcar in Hollywood","","","","","","Unsorted","","","Unsorted/","0.0","unsorted_no_year"
"A Streetcar on Broadway.mkv","A Streetcar on Broadway","","","","","","Unsorted","","","Unsorted/","0.0","unsorted_no_year"
"Marlon Brando Screen Test.mkv","Marlon Brando Screen Test","","","","","","Unsorted","","","Unsorted/","0.0","unsorted_no_year"
"An Actor Named Brando.mkv","An Actor Named Brando","","","","","","Unsorted","","","Unsorted/","0.0","unsorted_no_year"
"Outtakes.mkv","Outtakes","","","","","","Unsorted","","","Unsorted/","0.0","unsorted_no_year"
"Elia Kazan - A Director's Journey.mkv","Elia Kazan - A Director's Journey","","","","","","Unsorted","","","Unsorted/","0.0","unsorted_no_year"
"12 (2007).mp4","12","2007","Nikita Mikhalkov","","RU","","Unsorted","2000s","","Unsorted/","0.0","unsorted_no_match"
"Os Fuzis (1964) [Staging-Unknown- (Cinema Novo - might be Core)].mkv","Os Fuzis[Staging-Unknown- (Cinema Novo","1964","","","","","Unsorted","1960s","","Unsorted/","0.0","unsorted_no_director"
"Plan 9 From Outer Space (1959) [colorized].mkv","Plan 9 From Outer Space [colorized]","1959","Edward D. Wood Jr.","","US","","Unsorted","1950s","","Unsorted/","0.0","unsorted_no_match"
